"gene","pLI","oe_lof_upper","category","pli_cat","loefu_cat"
"ABCC6",5.6167e-35,1.026,"minus1","Low","High"
"AIRE",4.0468e-12,1.115,"minus1","Low","High"
"APPL1",0.7952,0.35,"minus1","High","Medium"
"ATAD3A",4.0861e-09,0.827,"minus1","Low","High"
"BPTF",1,0.099,"minus1","High","Low"
"CDKN1C",0.81963,0.529,"minus1","High","Medium"
"COL1A2",1,0.202,"minus1","High","Medium"
"COL6A2",6.5112e-08,0.578,"minus1","Low","Medium"
"DAGLA",0.99999,0.171,"minus1","High","Low"
"DVL3",0.38544,0.422,"minus1","Medium","Medium"
"ELANE",0.0012274,1.129,"minus1","Low","High"
"EYA1",0.94588,0.332,"minus1","High","Medium"
"FOXN1",0.94214,0.349,"minus1","High","Medium"
"GABRG2",0.73852,0.399,"minus1","High","Medium"
"GATA4",0.49308,0.527,"minus1","Medium","Medium"
"GFAP",1.4601e-06,1.026,"minus1","Low","High"
"GFI1B",0.00052334,0.865,"minus1","Low","High"
"GRM1",0.14279,0.415,"minus1","Low","Medium"
"HBB",1.2274e-09,1.978,"minus1","Low","High"
"HSPB1",2.7797e-07,1.872,"minus1","Low","High"
"KAT6B",1,0.128,"minus1","High","Low"
"KISS1R",0.43649,0.648,"minus1","Medium","High"
"LRSAM1",3.1008e-13,0.754,"minus1","Low","High"
"MAT1A",0.00080978,0.809,"minus1","Low","High"
"MSH6",3.6705e-05,0.498,"minus1","Low","Medium"
"MYH7",4.2385e-16,0.575,"minus1","Low","Medium"
"PAFAH1B1",0.99995,0.107,"minus1","High","Low"
"POLG",2.0756e-09,0.555,"minus1","Low","Medium"
"POMP",0.90942,0.387,"minus1","High","Medium"
"PPM1D",2.2321e-11,1.096,"minus1","Low","High"
"PRRT2",0.57919,0.56,"minus1","Medium","Medium"
"RARB",0.99983,0.12,"minus1","High","Low"
"RASA1",1,0.129,"minus1","High","Low"
"RDH12",2.2626e-09,1.435,"minus1","Low","High"
"RORA",0.40096,0.404,"minus1","Medium","Medium"
"RPE65",6.4889e-14,1.111,"minus1","Low","High"
"RPS19",0.92111,0.368,"minus1","High","Medium"
"SCNN1G",0.48199,0.408,"minus1","Medium","Medium"
"SDHD",0.33697,0.731,"minus1","Low","High"
"SERPING1",0.96351,0.322,"minus1","High","Medium"
"SIX3",0.94714,0.323,"minus1","High","Medium"
"SOX9",0.99772,0.168,"minus1","High","Low"
"SQSTM1",0.00086035,0.802,"minus1","Low","High"
"STAG1",1,0.119,"minus1","High","Low"
"STUB1",0.018667,0.68,"minus1","Low","High"
"SYCP3",9.1772e-05,0.949,"minus1","Low","High"
"TCAP",0.18939,0.948,"minus1","Low","High"
"TGFBR2",0.12535,0.519,"minus1","Low","Medium"
"THRA",0.32748,0.454,"minus1","Low","Medium"
"TMEM127",0.012865,1.154,"minus1","Low","High"
"TP63",0.99728,0.267,"minus1","High","Medium"
"VHL",0.079515,0.927,"minus1","Low","High"
"WNT1",0.3263,0.603,"minus1","Low","High"
"WNT10A",4.1667e-09,1.369,"minus1","Low","High"
"ZIC2",0.97362,0.267,"minus1","High","Medium"
"ARID1A",1,0.071,"plus1","High","Low"
"CHRND",5.4466e-09,0.978,"plus1","Low","High"
"COL3A1",1,0.098,"plus1","High","Low"
"COL5A1",1,0.055,"plus1","High","Low"
"COL6A2",6.5112e-08,0.578,"plus1","Low","Medium"
"CSRP3",0.00015859,1.311,"plus1","Low","High"
"DDR2",0.5503,0.376,"plus1","Medium","Medium"
"FGF14",0.90887,0.392,"plus1","High","Medium"
"FOXF1",0.95792,0.302,"plus1","High","Medium"
"FUS",0.9993,0.237,"plus1","High","Medium"
"GATA2",0.97927,0.292,"plus1","High","Medium"
"GATM",0.051418,0.534,"plus1","Low","Medium"
"GNAS",0.68076,0.372,"plus1","High","Medium"
"KAT6B",1,0.128,"plus1","High","Low"
"KCNH2",0.99593,0.274,"plus1","High","Medium"
"KRT10",0.0025253,0.622,"plus1","Low","High"
"MAT1A",0.00080978,0.809,"plus1","Low","High"
"MED13L",1,0.064,"plus1","High","Low"
"MLH1",3.41e-05,0.575,"plus1","Low","Medium"
"MPL",4.0719e-09,0.763,"plus1","Low","High"
"MSH6",3.6705e-05,0.498,"plus1","Low","Medium"
"NAF1",0.97793,0.307,"plus1","High","Medium"
"PIK3R1",0.99978,0.228,"plus1","High","Medium"
"PKD1",1,0.179,"plus1","High","Low"
"PPM1D",2.2321e-11,1.096,"plus1","Low","High"
"PPOX",0.02829,0.573,"plus1","Low","Medium"
"PPP3CA",0.99988,0.158,"plus1","High","Low"
"PRPH2",0.11554,0.665,"plus1","Low","High"
"RDH12",2.2626e-09,1.435,"plus1","Low","High"
"SCNN1B",5.7545e-08,0.798,"plus1","Low","High"
"SLC3A1",7.2168e-27,1.623,"plus1","Low","High"
"SOD1",0.1773,0.978,"plus1","Low","High"
"STUB1",0.018667,0.68,"plus1","Low","High"
"TGFBR2",0.12535,0.519,"plus1","Low","Medium"
"TNFRSF11A",0.0087667,0.597,"plus1","Low","Medium"
"TP63",0.99728,0.267,"plus1","High","Medium"
"VHL",0.079515,0.927,"plus1","Low","High"
"WAC",1,0.084,"plus1","High","Low"
"WFS1",1.6231e-38,1.93,"plus1","Low","High"
"ZIC1",0.93378,0.364,"plus1","High","Medium"
"ACTL6B",0.00028347,0.645,"SNV","Low","High"
"ACTN2",0.99968,0.239,"SNV","High","Medium"
"ACVRL1",0.00096719,0.692,"SNV","Low","High"
"AIRE",4.0468e-12,1.115,"SNV","Low","High"
"ANK1",1,0.169,"SNV","High","Low"
"ATP1A2",0.00018093,0.495,"SNV","Low","Medium"
"BARD1",1.3777e-24,1.358,"SNV","Low","High"
"BMPR1A",0.90333,0.355,"SNV","High","Medium"
"BRIP1",6.206e-17,0.786,"SNV","Low","High"
"C3",0.90421,0.305,"SNV","High","Medium"
"CCND2",0.98658,0.229,"SNV","High","Medium"
"CFH",0.86061,0.324,"SNV","High","Medium"
"CFTR",2.1735e-58,1.307,"SNV","Low","High"
"CHD5",1,0.157,"SNV","High","Low"
"COL12A1",0.97361,0.282,"SNV","High","Medium"
"COL1A2",1,0.202,"SNV","High","Medium"
"COL2A1",1,0.134,"SNV","High","Low"
"COL3A1",1,0.098,"SNV","High","Low"
"COL5A1",1,0.055,"SNV","High","Low"
"DAGLA",0.99999,0.171,"SNV","High","Low"
"DNMT3A",7.3538e-39,1.581,"SNV","Low","High"
"DSC2",5.1749e-08,0.689,"SNV","Low","High"
"DSG2",2.7913e-10,0.79,"SNV","Low","High"
"EDAR",1.3242e-06,0.906,"SNV","Low","High"
"ELANE",0.0012274,1.129,"SNV","Low","High"
"EVC2",1.0207e-34,1.064,"SNV","Low","High"
"EZH2",1,0.146,"SNV","High","Low"
"F2",0.0011118,0.536,"SNV","Low","Medium"
"FBN1",1,0.049,"SNV","High","Low"
"FH",0.08824,0.544,"SNV","Low","Medium"
"FLCN",0.78892,0.388,"SNV","High","Medium"
"FLNC",0.99994,0.25,"SNV","High","Medium"
"GABRG2",0.73852,0.399,"SNV","High","Medium"
"GCK",0.63464,0.443,"SNV","Medium","Medium"
"GLMN",1.1537e-12,0.906,"SNV","Low","High"
"HCK",0.01976,0.51,"SNV","Low","Medium"
"IRF6",0.99961,0.132,"SNV","High","Low"
"KAT6B",1,0.128,"SNV","High","Low"
"KCNQ2",0.99998,0.158,"SNV","High","Low"
"KIDINS220",0.073562,0.35,"SNV","Low","Medium"
"KRIT1",0.00069333,0.499,"SNV","Low","Medium"
"LRP5",0.50992,0.341,"SNV","Medium","Medium"
"LRSAM1",3.1008e-13,0.754,"SNV","Low","High"
"MFN2",0.99415,0.282,"SNV","High","Medium"
"MLH1",3.41e-05,0.575,"SNV","Low","Medium"
"MN1",0.99999,0.087,"SNV","High","Low"
"MPZ",0.27158,0.638,"SNV","Low","High"
"MSH2",0.89539,0.334,"SNV","High","Medium"
"MTHFR",3.2068e-10,0.922,"SNV","Low","High"
"MVK",0.16679,0.545,"SNV","Low","Medium"
"MYH7",4.2385e-16,0.575,"SNV","Low","Medium"
"MYH9",1,0.088,"SNV","High","Low"
"MYO7A",1.6097e-38,0.848,"SNV","Low","High"
"NAGLU",1.3655e-08,0.903,"SNV","Low","High"
"NOTCH2",1,0.116,"SNV","High","Low"
"NOTCH3",0.40757,0.322,"SNV","Medium","Medium"
"NR3C2",0.83739,0.35,"SNV","High","Medium"
"ODC1",0.16966,0.543,"SNV","Low","Medium"
"PKD1",1,0.179,"SNV","High","Low"
"POGZ",1,0.119,"SNV","High","Low"
"POLG",2.0756e-09,0.555,"SNV","Low","Medium"
"PPM1D",2.2321e-11,1.096,"SNV","Low","High"
"PPOX",0.02829,0.573,"SNV","Low","Medium"
"PRPF8",1,0.178,"SNV","High","Low"
"RASA1",1,0.129,"SNV","High","Low"
"RDH12",2.2626e-09,1.435,"SNV","Low","High"
"RHO",0.00013108,1.083,"SNV","Low","High"
"SCN5A",0.91291,0.308,"SNV","High","Medium"
"SCNN1G",0.48199,0.408,"SNV","Medium","Medium"
"SERPINC1",0.99892,0.151,"SNV","High","Low"
"SERPING1",0.96351,0.322,"SNV","High","Medium"
"SLC12A6",0.011377,0.395,"SNV","Low","Medium"
"SLC2A1",0.9941,0.241,"SNV","High","Medium"
"SLC3A1",7.2168e-27,1.623,"SNV","Low","High"
"SLC4A1",0.84602,0.349,"SNV","High","Medium"
"SLCO2A1",2.2804e-13,1.053,"SNV","Low","High"
"SMARCD1",0.99947,0.206,"SNV","High","Medium"
"SPR",0.0434,1.138,"SNV","Low","High"
"STXBP1",1,0.086,"SNV","High","Low"
"TBX5",0.99954,0.135,"SNV","High","Low"
"TCF12",0.67602,0.372,"SNV","High","Medium"
"TEK",1,0.179,"SNV","High","Low"
"TGFBR2",0.12535,0.519,"SNV","Low","Medium"
"TLK2",1,0.114,"SNV","High","Low"
"TP63",0.99728,0.267,"SNV","High","Medium"
"VHL",0.079515,0.927,"SNV","Low","High"
"WAC",1,0.084,"SNV","High","Low"
"ZIC1",0.93378,0.364,"SNV","High","Medium"
"A2ML1",1.6109e-34,0.952,"minus1_Control","Low","High"
"ABCA1",1.4525e-13,0.486,"minus1_Control","Low","Medium"
"ABCG2",2.0957e-32,1.549,"minus1_Control","Low","High"
"ACD",1.1148e-12,1.187,"minus1_Control","Low","High"
"ACO2",0.20791,0.417,"minus1_Control","Low","Medium"
"ADCY10",7.3834e-41,1.034,"minus1_Control","Low","High"
"AFG3L2",5.2511e-09,0.7,"minus1_Control","Low","High"
"AFP",1.1383e-11,0.909,"minus1_Control","Low","High"
"ALB",0.64329,0.387,"minus1_Control","Medium","Medium"
"ALG5",0.46347,0.453,"minus1_Control","Medium","Medium"
"ALG8",1.1804e-08,0.83,"minus1_Control","Low","High"
"ANK2",1,0.106,"minus1_Control","High","Low"
"ANKH",0.27856,0.499,"minus1_Control","Low","Medium"
"AP4E1",0.0027529,0.431,"minus1_Control","Low","Medium"
"ARFGEF1",1,0.143,"minus1_Control","High","Low"
"ARID2",1,0.096,"minus1_Control","High","Low"
"AVP",0.074413,1.452,"minus1_Control","Low","High"
"BMPR2",0.99998,0.191,"minus1_Control","High","Low"
"BNC1",0.96479,0.326,"minus1_Control","High","Medium"
"BUB1B",6.998e-10,0.58,"minus1_Control","Low","Medium"
"C9",1.6323e-24,1.514,"minus1_Control","Low","High"
"CACNA1A",1,0.134,"minus1_Control","High","Low"
"CACNA1C",1,0.102,"minus1_Control","High","Low"
"CAMK2B",0.73914,0.364,"minus1_Control","High","Medium"
"CAPRIN1",0.97247,0.311,"minus1_Control","High","Medium"
"CARD11",0.99995,0.227,"minus1_Control","High","Medium"
"CASQ1",3.857e-18,1.576,"minus1_Control","Low","High"
"CCM2",0.0092809,0.66,"minus1_Control","Low","High"
"CD46",4.7013e-07,0.896,"minus1_Control","Low","High"
"CD96",1.392e-11,0.97,"minus1_Control","Low","High"
"CDC73",0.99995,0.188,"minus1_Control","High","Low"
"CDH2",0.99171,0.29,"minus1_Control","High","Medium"
"CDK13",0.90753,0.324,"minus1_Control","High","Medium"
"CEBPE",0.0070769,0.995,"minus1_Control","Low","High"
"CETP",1.1892e-23,1.499,"minus1_Control","Low","High"
"CFB",0.00033549,0.522,"minus1_Control","Low","Medium"
"CFB",4.6696e-16,0.692,"minus1_Control","Low","High"
"CFHR1",2.6297e-08,1.53,"minus1_Control","Low","High"
"CFHR5",2.1117e-32,1.829,"minus1_Control","Low","High"
"CHD3",1,0.147,"minus1_Control","High","Low"
"CHRNA1",2.0681e-08,1.079,"minus1_Control","Low","High"
"CHRNA4",8.5474e-05,0.822,"minus1_Control","Low","High"
"CHRNB1",5.0456e-08,0.996,"minus1_Control","Low","High"
"CLCN2",5.546e-12,0.769,"minus1_Control","Low","High"
"CLCN3",0.99973,0.222,"minus1_Control","High","Medium"
"CLCN7",0.27238,0.394,"minus1_Control","Low","Medium"
"CNNM2",0.99521,0.267,"minus1_Control","High","Medium"
"COCH",1.2365e-07,0.913,"minus1_Control","Low","High"
"COG4",3.9748e-09,0.713,"minus1_Control","Low","High"
"COL11A1",1,0.216,"minus1_Control","High","Medium"
"COL6A1",0.99995,0.227,"minus1_Control","High","Medium"
"COL9A1",3.0742e-19,0.814,"minus1_Control","Low","High"
"COMP",1.3462e-09,0.765,"minus1_Control","Low","High"
"COMT",1.1377e-06,1.703,"minus1_Control","Low","High"
"COPB2",1,0.089,"minus1_Control","High","Low"
"CPA6",4.3984e-17,1.237,"minus1_Control","Low","High"
"CREB3L3",8.0596e-14,1.469,"minus1_Control","Low","High"
"CRYGB",8.1381e-08,1.824,"minus1_Control","Low","High"
"CSF3R",1.5225e-10,0.766,"minus1_Control","Low","High"
"CTCF",0.99994,0.148,"minus1_Control","High","Low"
"CTRC",1.2851e-12,1.692,"minus1_Control","Low","High"
"CUX2",1,0.187,"minus1_Control","High","Low"
"DEAF1",0.00034113,0.698,"minus1_Control","Low","High"
"DHTKD1",2.7884e-30,1.247,"minus1_Control","Low","High"
"DIABLO",2.5722e-06,1.307,"minus1_Control","Low","High"
"DIAPH3",1.9877e-15,0.743,"minus1_Control","Low","High"
"DICER1",1,0.166,"minus1_Control","High","Low"
"DLL4",0.99982,0.188,"minus1_Control","High","Low"
"DMXL2",1,0.158,"minus1_Control","High","Low"
"DNAJB11",0.22551,0.518,"minus1_Control","Low","Medium"
"DNM1L",0.00056753,0.505,"minus1_Control","Low","Medium"
"DPP6",0.33997,0.377,"minus1_Control","Low","Medium"
"DRD4",9.3362e-09,1.86,"minus1_Control","Low","High"
"DSTYK",0.51262,0.371,"minus1_Control","Medium","Medium"
"DYNC1H1",1,0.08,"minus1_Control","High","Low"
"EFEMP1",0.99992,0.153,"minus1_Control","High","Low"
"EGFR",0.36837,0.349,"minus1_Control","Medium","Medium"
"EIF4A2",0.99835,0.205,"minus1_Control","High","Medium"
"EIF5A",0.73709,0.543,"minus1_Control","High","Medium"
"EMILIN1",0.0043908,0.512,"minus1_Control","Low","Medium"
"EPCAM",1.2844e-07,1.159,"minus1_Control","Low","High"
"EPHB4",0.013497,0.422,"minus1_Control","Low","Medium"
"EPO",0.01125,0.896,"minus1_Control","Low","High"
"EPOR",0.0101,0.652,"minus1_Control","Low","High"
"ERBB3",1.7003e-15,0.685,"minus1_Control","Low","High"
"ERBB4",0.99912,0.265,"minus1_Control","High","Medium"
"EVC",3.462e-25,1.064,"minus1_Control","Low","High"
"EXT2",1.3179e-09,0.766,"minus1_Control","Low","High"
"F13A1",5.2851e-08,0.739,"minus1_Control","Low","High"
"FASLG",0.18345,0.716,"minus1_Control","Low","High"
"FBN2",1,0.205,"minus1_Control","High","Medium"
"FIG4",2.3423e-34,1.24,"minus1_Control","Low","High"
"FIGLA",0.0022269,1.316,"minus1_Control","Low","High"
"FLT4",1,0.147,"minus1_Control","High","Low"
"FN1",0.0014045,0.338,"minus1_Control","Low","Medium"
"GABBR2",0.99999,0.167,"minus1_Control","High","Low"
"GANAB",0.99873,0.267,"minus1_Control","High","Medium"
"GATA6",0.99709,0.174,"minus1_Control","High","Low"
"GDF6",0.98833,0.223,"minus1_Control","High","Medium"
"GH1",0.030057,0.914,"minus1_Control","Low","High"
"GLUL",0.9957,0.185,"minus1_Control","High","Low"
"GMNN",0.1149,0.825,"minus1_Control","Low","High"
"GNAL",0.99829,0.206,"minus1_Control","High","Medium"
"GNAO1",0.98963,0.261,"minus1_Control","High","Medium"
"GNB1",0.9992,0.145,"minus1_Control","High","Low"
"GRIA2",0.99916,0.247,"minus1_Control","High","Medium"
"GRN",0.069666,0.483,"minus1_Control","Low","Medium"
"GUCY2C",1.3919e-30,1.079,"minus1_Control","Low","High"
"HCN2",0.48885,0.448,"minus1_Control","Medium","Medium"
"HCN4",0.99867,0.239,"minus1_Control","High","Medium"
"HIVEP2",1,0.08,"minus1_Control","High","Low"
"HMCN1",3.6259e-38,0.483,"minus1_Control","Low","Medium"
"HOMER2",0.0093921,0.659,"minus1_Control","Low","High"
"HOXA2",0.19917,0.699,"minus1_Control","Low","High"
"HRG",5.8888e-14,1.495,"minus1_Control","Low","High"
"HSF4",1.0632e-09,1.108,"minus1_Control","Low","High"
"HTRA1",0.00049201,0.752,"minus1_Control","Low","High"
"HTT",1,0.176,"minus1_Control","High","Low"
"IKZF1",0.9986,0.156,"minus1_Control","High","Low"
"IMPG1",1.3662e-29,1.354,"minus1_Control","Low","High"
"INSL3",0.015764,1.59,"minus1_Control","Low","High"
"INSR",3.6145e-05,0.453,"minus1_Control","Low","Medium"
"IRF2BP2",0.84558,0.451,"minus1_Control","High","Medium"
"KCNC3",0.20575,0.587,"minus1_Control","Low","Medium"
"KCNK18",0.0013568,1.105,"minus1_Control","Low","High"
"KCNMA1",0.99731,0.276,"minus1_Control","High","Medium"
"KCNQ3",0.80089,0.356,"minus1_Control","High","Medium"
"KCNQ4",0.46799,0.41,"minus1_Control","Medium","Medium"
"KCNQ5",0.98011,0.306,"minus1_Control","High","Medium"
"KCTD17",0.017683,0.814,"minus1_Control","Low","High"
"KIT",0.98087,0.305,"minus1_Control","High","Medium"
"KLF1",0.000358,1.128,"minus1_Control","Low","High"
"KLHL3",0.94479,0.337,"minus1_Control","High","Medium"
"KLHL7",4.559e-05,0.643,"minus1_Control","Low","High"
"KMT2C",1,0.122,"minus1_Control","High","Low"
"KRT5",0.64172,0.441,"minus1_Control","Medium","Medium"
"KRT83",3.3665e-14,1.408,"minus1_Control","Low","High"
"LAMB3",2.3136e-15,0.738,"minus1_Control","Low","High"
"LDB3",9.5733e-06,0.676,"minus1_Control","Low","High"
"LEMD3",0.99877,0.253,"minus1_Control","High","Medium"
"LHCGR",5.2988e-08,0.887,"minus1_Control","Low","High"
"LHX4",0.017521,0.686,"minus1_Control","Low","High"
"LRP4",1.4386e-06,0.416,"minus1_Control","Low","Medium"
"MAF",0.74382,0.537,"minus1_Control","High","Medium"
"MAP3K1",0.99998,0.214,"minus1_Control","High","Medium"
"MAPK8IP3",1,0.15,"minus1_Control","High","Low"
"MBD4",1.9706e-14,1.242,"minus1_Control","Low","High"
"MED13",1,0.03,"minus1_Control","High","Low"
"MEFV",1.0177e-14,1.129,"minus1_Control","Low","High"
"MEIS2",0.99938,0.184,"minus1_Control","High","Low"
"MIB1",3.3574e-88,1.973,"minus1_Control","Low","High"
"MMP13",7.8767e-18,1.524,"minus1_Control","Low","High"
"MPO",7.105e-15,1.145,"minus1_Control","Low","High"
"MSTO1",1.6182e-09,1.076,"minus1_Control","Low","High"
"MSX1",0.16517,1.01,"minus1_Control","Low","High"
"MYH2",3.6703e-23,0.686,"minus1_Control","Low","High"
"MYL2",2.7303e-08,1.751,"minus1_Control","Low","High"
"MYL3",0.087906,0.898,"minus1_Control","Low","High"
"MYOCD",0.33364,0.387,"minus1_Control","Low","Medium"
"MYPN",2.611e-06,0.506,"minus1_Control","Low","Medium"
"NALCN",8.5243e-14,0.522,"minus1_Control","Low","Medium"
"NCDN",0.99964,0.175,"minus1_Control","High","Low"
"NEXN",3.9115e-11,0.779,"minus1_Control","Low","High"
"NFIA",0.99959,0.202,"minus1_Control","High","Medium"
"NFKB1",1,0.138,"minus1_Control","High","Low"
"NLRC4",9.8714e-12,0.918,"minus1_Control","Low","High"
"NLRP12",3.6493e-28,1.355,"minus1_Control","Low","High"
"NODAL",0.97028,0.31,"minus1_Control","High","Medium"
"NPRL2",0.38813,0.47,"minus1_Control","Medium","Medium"
"NR0B2",8.3377e-06,1.638,"minus1_Control","Low","High"
"NR4A2",0.99959,0.133,"minus1_Control","High","Low"
"OPLAH",6.9736e-17,0.868,"minus1_Control","Low","High"
"OPTN",5.91e-18,1.256,"minus1_Control","Low","High"
"PARN",0.00037303,0.519,"minus1_Control","Low","Medium"
"PAX2",0.66999,0.434,"minus1_Control","High","Medium"
"PAX8",0.99869,0.2,"minus1_Control","High","Low"
"PAX9",0.30866,0.614,"minus1_Control","Low","High"
"PBX1",0.99527,0.255,"minus1_Control","High","Medium"
"PCSK9",2.7059e-17,1.341,"minus1_Control","Low","High"
"PDE10A",0.99986,0.213,"minus1_Control","High","Medium"
"PDE11A",8.6896e-37,1.404,"minus1_Control","Low","High"
"PDE8B",0.99905,0.249,"minus1_Control","High","Medium"
"PDYN",0.00017033,1.656,"minus1_Control","Low","High"
"PER2",0.7148,0.347,"minus1_Control","High","Medium"
"PER3",1.3661e-17,0.841,"minus1_Control","Low","High"
"PERP",0.079462,0.927,"minus1_Control","Low","High"
"PIGT",7.2959e-10,0.948,"minus1_Control","Low","High"
"PIKFYVE",1.1074e-06,0.389,"minus1_Control","Low","Medium"
"PITPNM3",0.99992,0.206,"minus1_Control","High","Medium"
"PITX3",0.81276,0.479,"minus1_Control","High","Medium"
"PLA2G2A",0.097278,1.292,"minus1_Control","Low","High"
"PLCD1",1.737e-19,1.103,"minus1_Control","Low","High"
"PLG",0.010345,0.443,"minus1_Control","Low","Medium"
"PNPT1",0.00040072,0.475,"minus1_Control","Low","Medium"
"POFUT1",0.96303,0.33,"minus1_Control","High","Medium"
"POGLUT1",1.5575e-08,0.893,"minus1_Control","Low","High"
"POLG2",1.528e-10,1.059,"minus1_Control","Low","High"
"POLR3B",1.6812e-23,0.868,"minus1_Control","Low","High"
"POU4F1",0.88762,0.421,"minus1_Control","High","Medium"
"PPP1R12A",1,0.13,"minus1_Control","High","Low"
"PRDM16",0.99999,0.187,"minus1_Control","High","Low"
"PROC",1.9118e-05,0.864,"minus1_Control","Low","High"
"PRODH",5.3577e-12,1.1,"minus1_Control","Low","High"
"PROK2",0.013828,1.645,"minus1_Control","Low","High"
"PROM1",1.9485e-22,1.051,"minus1_Control","Low","High"
"PRRX1",0.24291,0.659,"minus1_Control","Low","High"
"PSEN1",0.97322,0.318,"minus1_Control","High","Medium"
"PSMB10",1.7692e-06,1.366,"minus1_Control","Low","High"
"PTPN11",0.99998,0.135,"minus1_Control","High","Low"
"QRICH1",0.99576,0.275,"minus1_Control","High","Medium"
"RAD54L",2.3634e-15,0.97,"minus1_Control","Low","High"
"RALA",0.97289,0.269,"minus1_Control","High","Medium"
"RANBP2",1,0.142,"minus1_Control","High","Low"
"RB1",1,0.126,"minus1_Control","High","Low"
"RDH5",8.872e-11,1.612,"minus1_Control","Low","High"
"RERE",1,0.12,"minus1_Control","High","Low"
"RLBP1",1.1303e-05,1.08,"minus1_Control","Low","High"
"RNF170",0.51091,0.52,"minus1_Control","Medium","Medium"
"ROBO4",2.942e-15,0.909,"minus1_Control","Low","High"
"RP9",0.018956,0.803,"minus1_Control","Low","High"
"RPSA",0.93037,0.368,"minus1_Control","High","Medium"
"RYR2",0.99999,0.25,"minus1_Control","High","Medium"
"SASH1",0.001802,0.44,"minus1_Control","Low","Medium"
"SCAF4",1,0.106,"minus1_Control","High","Low"
"SCN3A",1,0.174,"minus1_Control","High","Low"
"SCNN1A",1.0835e-11,0.912,"minus1_Control","Low","High"
"SERPINA6",8.3448e-07,1.488,"minus1_Control","Low","High"
"SERPIND1",2.5137e-10,1.497,"minus1_Control","Low","High"
"SETD1A",1,0.136,"minus1_Control","High","Low"
"SETX",0.95483,0.296,"minus1_Control","High","Medium"
"SF3B4",0.99176,0.208,"minus1_Control","High","Medium"
"SH3TC2",8.3409e-16,0.813,"minus1_Control","Low","High"
"SIK1",0.93716,0.341,"minus1_Control","High","Medium"
"SIN3A",1,0.07,"minus1_Control","High","Low"
"SKI",0.99901,0.194,"minus1_Control","High","Low"
"SLC12A2",0.96153,0.31,"minus1_Control","High","Medium"
"SLC16A1",0.00073565,0.821,"minus1_Control","Low","High"
"SLC17A8",0.0013196,0.608,"minus1_Control","Low","High"
"SLC1A2",0.71036,0.424,"minus1_Control","High","Medium"
"SLC25A4",0.45334,0.636,"minus1_Control","Medium","High"
"SLC26A8",4.2638e-12,0.835,"minus1_Control","Low","High"
"SLC2A2",3.4337e-08,0.923,"minus1_Control","Low","High"
"SLC2A9",6.9451e-10,1.141,"minus1_Control","Low","High"
"SLC34A1",8.9128e-27,1.828,"minus1_Control","Low","High"
"SLC39A5",7.3793e-11,1.2,"minus1_Control","Low","High"
"SLC40A1",0.98835,0.291,"minus1_Control","High","Medium"
"SLC6A1",0.99993,0.15,"minus1_Control","High","Low"
"SLC6A5",8.977e-15,0.967,"minus1_Control","Low","High"
"SLC7A9",9.0644e-10,1.121,"minus1_Control","Low","High"
"SMARCC1",1,0.116,"minus1_Control","High","Low"
"SON",1,0.118,"minus1_Control","High","Low"
"SOS1",1,0.14,"minus1_Control","High","Low"
"SPEN",1,0.071,"minus1_Control","High","Low"
"SRRM2",1,0.118,"minus1_Control","High","Low"
"STAT5B",0.99988,0.22,"minus1_Control","High","Medium"
"STX1B",0.98766,0.268,"minus1_Control","High","Medium"
"SUZ12",0.99998,0.134,"minus1_Control","High","Low"
"SYNE2",1.6503e-25,0.372,"minus1_Control","Low","Medium"
"SYT2",0.98133,0.287,"minus1_Control","High","Medium"
"TBK1",0.075174,0.42,"minus1_Control","Low","Medium"
"TCF3",0.025824,0.498,"minus1_Control","Low","Medium"
"TCF7L2",0.99537,0.273,"minus1_Control","High","Medium"
"TFAP2B",0.99023,0.259,"minus1_Control","High","Medium"
"TGFB1",0.03685,0.614,"minus1_Control","Low","High"
"TGM6",1.1154e-24,1.367,"minus1_Control","Low","High"
"TINF2",0.0012666,0.671,"minus1_Control","Low","High"
"TMEM43",1.1608e-12,1.276,"minus1_Control","Low","High"
"TNNI3",0.096284,0.692,"minus1_Control","Low","High"
"TNPO3",1.7546e-06,0.515,"minus1_Control","Low","Medium"
"TRIM71",0.99969,0.172,"minus1_Control","High","Low"
"TRIO",1,0.139,"minus1_Control","High","Low"
"TRPV4",2.237e-16,1.057,"minus1_Control","Low","High"
"TTC21B",2.704e-26,0.852,"minus1_Control","Low","High"
"TUBA3D",7.2364e-10,1.565,"minus1_Control","Low","High"
"UBAP1",0.91168,0.379,"minus1_Control","High","Medium"
"VANGL1",0.020285,0.596,"minus1_Control","Low","Medium"
"VEGFC",0.49565,0.478,"minus1_Control","Medium","Medium"
"VPS16",2.2652e-15,0.818,"minus1_Control","Low","High"
"WBP11",0.99994,0.148,"minus1_Control","High","Low"
"WDFY3",1,0.071,"minus1_Control","High","Low"
"WDR11",1.3704e-08,0.532,"minus1_Control","Low","Medium"
"WDR26",1,0.085,"minus1_Control","High","Low"
"WNK4",6.8806e-25,1.049,"minus1_Control","Low","High"
"WT1",0.99648,0.247,"minus1_Control","High","Medium"
"ZFHX3",1,0.136,"minus1_Control","High","Low"
"ZMYM2",0.66648,0.332,"minus1_Control","High","Medium"
"ZNF408",1.1792e-06,0.816,"minus1_Control","Low","High"
"ZNF462",1,0.085,"minus1_Control","High","Low"
"ZP3",0.00028508,0.952,"minus1_Control","Low","High"
"A2ML1",1.6109e-34,0.952,"plus1_Control","Low","High"
"AAGAB",3.8664e-07,1.037,"plus1_Control","Low","High"
"ABCA1",1.4525e-13,0.486,"plus1_Control","Low","Medium"
"ABCB6",8.5999e-19,0.977,"plus1_Control","Low","High"
"ABCG2",2.0957e-32,1.549,"plus1_Control","Low","High"
"ACD",1.1148e-12,1.187,"plus1_Control","Low","High"
"ACTA2",0.93017,0.364,"plus1_Control","High","Medium"
"ACTC1",0.73668,0.48,"plus1_Control","High","Medium"
"ADAM10",1,0.117,"plus1_Control","High","Low"
"ADCY10",7.3834e-41,1.034,"plus1_Control","Low","High"
"AFG3L2",5.2511e-09,0.7,"plus1_Control","Low","High"
"ALDH18A1",0.00081212,0.519,"plus1_Control","Low","Medium"
"ALG5",0.46347,0.453,"plus1_Control","Medium","Medium"
"ALG8",1.1804e-08,0.83,"plus1_Control","Low","High"
"ANK2",1,0.106,"plus1_Control","High","Low"
"ANKH",0.27856,0.499,"plus1_Control","Low","Medium"
"ANTXR1",0.98631,0.3,"plus1_Control","High","Medium"
"AP4E1",0.0027529,0.431,"plus1_Control","Low","Medium"
"ARFGEF1",1,0.143,"plus1_Control","High","Low"
"ATL1",0.98109,0.308,"plus1_Control","High","Medium"
"ATR",3.5177e-09,0.399,"plus1_Control","Low","Medium"
"BEST1",1.8214e-12,1.489,"plus1_Control","Low","High"
"BICC1",0.83685,0.339,"plus1_Control","High","Medium"
"BMPR2",0.99998,0.191,"plus1_Control","High","Low"
"BNC1",0.96479,0.326,"plus1_Control","High","Medium"
"BUB1B",6.998e-10,0.58,"plus1_Control","Low","Medium"
"C9",1.6323e-24,1.514,"plus1_Control","Low","High"
"CACNA1A",1,0.134,"plus1_Control","High","Low"
"CACNA1C",1,0.102,"plus1_Control","High","Low"
"CACNB4",0.030679,0.491,"plus1_Control","Low","Medium"
"CAMK2B",0.73914,0.364,"plus1_Control","High","Medium"
"CARD11",0.99995,0.227,"plus1_Control","High","Medium"
"CASQ1",3.857e-18,1.576,"plus1_Control","Low","High"
"CCM2",0.0092809,0.66,"plus1_Control","Low","High"
"CD46",4.7013e-07,0.896,"plus1_Control","Low","High"
"CDC42BPB",1,0.12,"plus1_Control","High","Low"
"CDH11",0.9999,0.156,"plus1_Control","High","Low"
"CDK13",0.90753,0.324,"plus1_Control","High","Medium"
"CDK4",0.062909,0.642,"plus1_Control","Low","High"
"CEACAM16",1.5758e-05,1.032,"plus1_Control","Low","High"
"CEBPE",0.0070769,0.995,"plus1_Control","Low","High"
"CETP",1.1892e-23,1.499,"plus1_Control","Low","High"
"CFB",0.00033549,0.522,"plus1_Control","Low","Medium"
"CFB",4.6696e-16,0.692,"plus1_Control","Low","High"
"CFHR5",2.1117e-32,1.829,"plus1_Control","Low","High"
"CLCN2",5.546e-12,0.769,"plus1_Control","Low","High"
"CNNM2",0.99521,0.267,"plus1_Control","High","Medium"
"COCH",1.2365e-07,0.913,"plus1_Control","Low","High"
"COG4",3.9748e-09,0.713,"plus1_Control","Low","High"
"COL6A1",0.99995,0.227,"plus1_Control","High","Medium"
"COL9A1",3.0742e-19,0.814,"plus1_Control","Low","High"
"COL9A2",1.0453e-08,0.636,"plus1_Control","Low","High"
"COMP",1.3462e-09,0.765,"plus1_Control","Low","High"
"COMT",1.1377e-06,1.703,"plus1_Control","Low","High"
"CPA6",4.3984e-17,1.237,"plus1_Control","Low","High"
"CREB3L3",8.0596e-14,1.469,"plus1_Control","Low","High"
"CRYBA1",6.4088e-05,1.002,"plus1_Control","Low","High"
"CRYGB",8.1381e-08,1.824,"plus1_Control","Low","High"
"CSF3R",1.5225e-10,0.766,"plus1_Control","Low","High"
"CTNND1",0.99999,0.185,"plus1_Control","High","Low"
"CUX2",1,0.187,"plus1_Control","High","Low"
"DCC",0.99448,0.283,"plus1_Control","High","Medium"
"DHTKD1",2.7884e-30,1.247,"plus1_Control","Low","High"
"DHX37",0.99252,0.289,"plus1_Control","High","Medium"
"DIABLO",2.5722e-06,1.307,"plus1_Control","Low","High"
"DIAPH3",1.9877e-15,0.743,"plus1_Control","Low","High"
"DICER1",1,0.166,"plus1_Control","High","Low"
"DLL4",0.99982,0.188,"plus1_Control","High","Low"
"DMXL2",1,0.158,"plus1_Control","High","Low"
"DNA2",1.2748e-18,0.927,"plus1_Control","Low","High"
"DNM1",0.99917,0.252,"plus1_Control","High","Medium"
"DRD4",9.3362e-09,1.86,"plus1_Control","Low","High"
"DSTYK",0.51262,0.371,"plus1_Control","Medium","Medium"
"EFHC1",1.8959e-17,1.205,"plus1_Control","Low","High"
"EGFR",0.36837,0.349,"plus1_Control","Medium","Medium"
"EGLN1",0.97403,0.303,"plus1_Control","High","Medium"
"EIF4A2",0.99835,0.205,"plus1_Control","High","Medium"
"EIF5A",0.73709,0.543,"plus1_Control","High","Medium"
"EMILIN1",0.0043908,0.512,"plus1_Control","Low","Medium"
"EPHB4",0.013497,0.422,"plus1_Control","Low","Medium"
"EPO",0.01125,0.896,"plus1_Control","Low","High"
"EPOR",0.0101,0.652,"plus1_Control","Low","High"
"ERBB3",1.7003e-15,0.685,"plus1_Control","Low","High"
"ERBB4",0.99912,0.265,"plus1_Control","High","Medium"
"EVC",3.462e-25,1.064,"plus1_Control","Low","High"
"EXT2",1.3179e-09,0.766,"plus1_Control","Low","High"
"F5",5.919e-15,0.562,"plus1_Control","Low","Medium"
"FASLG",0.18345,0.716,"plus1_Control","Low","High"
"FBN2",1,0.205,"plus1_Control","High","Medium"
"FIG4",2.3423e-34,1.24,"plus1_Control","Low","High"
"FLT4",1,0.147,"plus1_Control","High","Low"
"FN1",0.0014045,0.338,"plus1_Control","Low","Medium"
"FTH1",0.13999,0.777,"plus1_Control","Low","High"
"GATAD2B",0.99998,0.097,"plus1_Control","High","Low"
"GDF6",0.98833,0.223,"plus1_Control","High","Medium"
"GLRA1",0.00015816,0.762,"plus1_Control","Low","High"
"GLS",0.96154,0.323,"plus1_Control","High","Medium"
"GMNN",0.1149,0.825,"plus1_Control","Low","High"
"GRIA2",0.99916,0.247,"plus1_Control","High","Medium"
"GRIN1",0.97629,0.309,"plus1_Control","High","Medium"
"GUCY2C",1.3919e-30,1.079,"plus1_Control","Low","High"
"GUCY2D",6.4574e-10,0.748,"plus1_Control","Low","High"
"HCN2",0.48885,0.448,"plus1_Control","Medium","Medium"
"HCN4",0.99867,0.239,"plus1_Control","High","Medium"
"HIVEP2",1,0.08,"plus1_Control","High","Low"
"HMCN1",3.6259e-38,0.483,"plus1_Control","Low","Medium"
"HNF1B",0.99976,0.168,"plus1_Control","High","Low"
"HNF4A",0.15285,0.505,"plus1_Control","Low","Medium"
"HNRNPH1",0.99993,0.109,"plus1_Control","High","Low"
"HOMER2",0.0093921,0.659,"plus1_Control","Low","High"
"HOXA2",0.19917,0.699,"plus1_Control","Low","High"
"HPD",0.00052764,0.666,"plus1_Control","Low","High"
"HRG",5.8888e-14,1.495,"plus1_Control","Low","High"
"HSF4",1.0632e-09,1.108,"plus1_Control","Low","High"
"HTRA1",0.00049201,0.752,"plus1_Control","Low","High"
"HTT",1,0.176,"plus1_Control","High","Low"
"IKZF1",0.9986,0.156,"plus1_Control","High","Low"
"IMPG1",1.3662e-29,1.354,"plus1_Control","Low","High"
"IMPG2",2.7548e-13,0.72,"plus1_Control","Low","High"
"INSL3",0.015764,1.59,"plus1_Control","Low","High"
"IRF2BP2",0.84558,0.451,"plus1_Control","High","Medium"
"ITGA2B",1.5205e-16,0.756,"plus1_Control","Low","High"
"JARID2",0.99999,0.188,"plus1_Control","High","Low"
"JPH1",0.76731,0.409,"plus1_Control","High","Medium"
"KCNC3",0.20575,0.587,"plus1_Control","Low","Medium"
"KCNK18",0.0013568,1.105,"plus1_Control","Low","High"
"KCNMA1",0.99731,0.276,"plus1_Control","High","Medium"
"KCNQ3",0.80089,0.356,"plus1_Control","High","Medium"
"KCNQ5",0.98011,0.306,"plus1_Control","High","Medium"
"KCNT1",2.7613e-05,0.471,"plus1_Control","Low","Medium"
"KCNT2",0.041658,0.374,"plus1_Control","Low","Medium"
"KLF1",0.000358,1.128,"plus1_Control","Low","High"
"KLHL7",4.559e-05,0.643,"plus1_Control","Low","High"
"KRT5",0.64172,0.441,"plus1_Control","Medium","Medium"
"KRT83",3.3665e-14,1.408,"plus1_Control","Low","High"
"LAMB3",2.3136e-15,0.738,"plus1_Control","Low","High"
"LEMD3",0.99877,0.253,"plus1_Control","High","Medium"
"LHCGR",5.2988e-08,0.887,"plus1_Control","Low","High"
"LHX4",0.017521,0.686,"plus1_Control","Low","High"
"LRP4",1.4386e-06,0.416,"plus1_Control","Low","Medium"
"MAF",0.74382,0.537,"plus1_Control","High","Medium"
"MBD4",1.9706e-14,1.242,"plus1_Control","Low","High"
"MEF2C",0.017256,0.608,"plus1_Control","Low","High"
"MEFV",1.0177e-14,1.129,"plus1_Control","Low","High"
"MET",0.96998,0.305,"plus1_Control","High","Medium"
"MIB1",3.3574e-88,1.973,"plus1_Control","Low","High"
"MMP13",7.8767e-18,1.524,"plus1_Control","Low","High"
"MPO",7.105e-15,1.145,"plus1_Control","Low","High"
"MSTO1",1.6182e-09,1.076,"plus1_Control","Low","High"
"MSX1",0.16517,1.01,"plus1_Control","Low","High"
"MVD",2.7438e-17,1.702,"plus1_Control","Low","High"
"MYBPC1",4.835e-05,0.46,"plus1_Control","Low","Medium"
"MYH11",0.77299,0.305,"plus1_Control","High","Medium"
"MYH2",3.6703e-23,0.686,"plus1_Control","Low","High"
"MYL2",2.7303e-08,1.751,"plus1_Control","Low","High"
"MYL3",0.087906,0.898,"plus1_Control","Low","High"
"MYOCD",0.33364,0.387,"plus1_Control","Low","Medium"
"MYRF",1,0.117,"plus1_Control","High","Low"
"NAA15",0.99578,0.28,"plus1_Control","High","Medium"
"NALCN",8.5243e-14,0.522,"plus1_Control","Low","Medium"
"NCDN",0.99964,0.175,"plus1_Control","High","Low"
"NCSTN",0.99942,0.234,"plus1_Control","High","Medium"
"NEXN",3.9115e-11,0.779,"plus1_Control","Low","High"
"NF1",0.90175,0.29,"plus1_Control","High","Medium"
"NF2",1,0.086,"plus1_Control","High","Low"
"NFKB1",1,0.138,"plus1_Control","High","Low"
"NLRC4",9.8714e-12,0.918,"plus1_Control","Low","High"
"NLRP12",3.6493e-28,1.355,"plus1_Control","Low","High"
"NPRL2",0.38813,0.47,"plus1_Control","Medium","Medium"
"NR0B2",8.3377e-06,1.638,"plus1_Control","Low","High"
"OPLAH",6.9736e-17,0.868,"plus1_Control","Low","High"
"OPTN",5.91e-18,1.256,"plus1_Control","Low","High"
"OSBPL2",0.13102,0.481,"plus1_Control","Low","Medium"
"PARN",0.00037303,0.519,"plus1_Control","Low","Medium"
"PAX2",0.66999,0.434,"plus1_Control","High","Medium"
"PAX9",0.30866,0.614,"plus1_Control","Low","High"
"PDE11A",8.6896e-37,1.404,"plus1_Control","Low","High"
"PDE8B",0.99905,0.249,"plus1_Control","High","Medium"
"PDYN",0.00017033,1.656,"plus1_Control","Low","High"
"PER2",0.7148,0.347,"plus1_Control","High","Medium"
"PERP",0.079462,0.927,"plus1_Control","Low","High"
"PIGT",7.2959e-10,0.948,"plus1_Control","Low","High"
"PITX3",0.81276,0.479,"plus1_Control","High","Medium"
"PLA2G2A",0.097278,1.292,"plus1_Control","Low","High"
"PLCD1",1.737e-19,1.103,"plus1_Control","Low","High"
"PNPT1",0.00040072,0.475,"plus1_Control","Low","Medium"
"POFUT1",0.96303,0.33,"plus1_Control","High","Medium"
"POGLUT1",1.5575e-08,0.893,"plus1_Control","Low","High"
"POLD1",2.4179e-06,0.527,"plus1_Control","Low","Medium"
"POLE",8.0488e-27,0.64,"plus1_Control","Low","High"
"POLG2",1.528e-10,1.059,"plus1_Control","Low","High"
"POLR1A",0.9998,0.256,"plus1_Control","High","Medium"
"POLR3B",1.6812e-23,0.868,"plus1_Control","Low","High"
"POU4F1",0.88762,0.421,"plus1_Control","High","Medium"
"PPP1R12A",1,0.13,"plus1_Control","High","Low"
"PROC",1.9118e-05,0.864,"plus1_Control","Low","High"
"PROK2",0.013828,1.645,"plus1_Control","Low","High"
"PRPF3",1,0.068,"plus1_Control","High","Low"
"PRPF31",0.98313,0.302,"plus1_Control","High","Medium"
"PRRX1",0.24291,0.659,"plus1_Control","Low","High"
"PUM1",1,0.129,"plus1_Control","High","Low"
"RAD54L",2.3634e-15,0.97,"plus1_Control","Low","High"
"RANBP2",1,0.142,"plus1_Control","High","Low"
"RBM20",0.98954,0.295,"plus1_Control","High","Medium"
"RDH5",8.872e-11,1.612,"plus1_Control","Low","High"
"REN",2.4297e-07,0.959,"plus1_Control","Low","High"
"RERE",1,0.12,"plus1_Control","High","Low"
"RHAG",0.010404,0.65,"plus1_Control","Low","High"
"RLBP1",1.1303e-05,1.08,"plus1_Control","Low","High"
"RNF170",0.51091,0.52,"plus1_Control","Medium","Medium"
"RP9",0.018956,0.803,"plus1_Control","Low","High"
"RTN2",0.41643,0.417,"plus1_Control","Medium","Medium"
"RYR2",0.99999,0.25,"plus1_Control","High","Medium"
"SASH1",0.001802,0.44,"plus1_Control","Low","Medium"
"SCAF4",1,0.106,"plus1_Control","High","Low"
"SCN1B",0.10186,1.265,"plus1_Control","Low","High"
"SCN3A",1,0.174,"plus1_Control","High","Low"
"SEC63",2.0818e-07,0.57,"plus1_Control","Low","Medium"
"SEMA3A",0.9779,0.307,"plus1_Control","High","Medium"
"SETX",0.95483,0.296,"plus1_Control","High","Medium"
"SF3B2",0.99992,0.222,"plus1_Control","High","Medium"
"SH3TC2",8.3409e-16,0.813,"plus1_Control","Low","High"
"SIK1",0.93716,0.341,"plus1_Control","High","Medium"
"SIN3A",1,0.07,"plus1_Control","High","Low"
"SKI",0.99901,0.194,"plus1_Control","High","Low"
"SLC16A1",0.00073565,0.821,"plus1_Control","Low","High"
"SLC17A8",0.0013196,0.608,"plus1_Control","Low","High"
"SLC25A11",0.53487,0.512,"plus1_Control","Medium","Medium"
"SLC25A4",0.45334,0.636,"plus1_Control","Medium","High"
"SLC26A8",4.2638e-12,0.835,"plus1_Control","Low","High"
"SLC2A2",3.4337e-08,0.923,"plus1_Control","Low","High"
"SLC2A9",6.9451e-10,1.141,"plus1_Control","Low","High"
"SLC34A1",8.9128e-27,1.828,"plus1_Control","Low","High"
"SLC39A5",7.3793e-11,1.2,"plus1_Control","Low","High"
"SLC40A1",0.98835,0.291,"plus1_Control","High","Medium"
"SLC6A5",8.977e-15,0.967,"plus1_Control","Low","High"
"SLC7A9",9.0644e-10,1.121,"plus1_Control","Low","High"
"SMAD6",3.6282e-20,1.975,"plus1_Control","Low","High"
"SMARCC1",1,0.116,"plus1_Control","High","Low"
"SNRNP200",1,0.082,"plus1_Control","High","Low"
"SOS1",1,0.14,"plus1_Control","High","Low"
"SOST",0.86731,0.453,"plus1_Control","High","Medium"
"SPOP",0.99922,0.144,"plus1_Control","High","Low"
"SPTSSA",0.64582,0.888,"plus1_Control","Medium","High"
"SRRM2",1,0.118,"plus1_Control","High","Low"
"STAT3",1,0.095,"plus1_Control","High","Low"
"SUZ12",0.99998,0.134,"plus1_Control","High","Low"
"SYCP2",1,0.183,"plus1_Control","High","Low"
"SYNE2",1.6503e-25,0.372,"plus1_Control","Low","Medium"
"SYT2",0.98133,0.287,"plus1_Control","High","Medium"
"TBX6",0.0068128,0.688,"plus1_Control","Low","High"
"TCF7L2",0.99537,0.273,"plus1_Control","High","Medium"
"TFAP2A",0.98964,0.261,"plus1_Control","High","Medium"
"TGM6",1.1154e-24,1.367,"plus1_Control","Low","High"
"TIMP3",0.63037,0.533,"plus1_Control","Medium","Medium"
"TINF2",0.0012666,0.671,"plus1_Control","Low","High"
"TNPO3",1.7546e-06,0.515,"plus1_Control","Low","Medium"
"TRIM71",0.99969,0.172,"plus1_Control","High","Low"
"TRIO",1,0.139,"plus1_Control","High","Low"
"TRPC6",3.0274e-07,0.654,"plus1_Control","Low","High"
"TRPM4",5.6531e-33,1.099,"plus1_Control","Low","High"
"TRPV4",2.237e-16,1.057,"plus1_Control","Low","High"
"TTC21B",2.704e-26,0.852,"plus1_Control","Low","High"
"TUBA3D",7.2364e-10,1.565,"plus1_Control","Low","High"
"UBAP1",0.91168,0.379,"plus1_Control","High","Medium"
"UCHL1",0.99095,0.212,"plus1_Control","High","Medium"
"VANGL1",0.020285,0.596,"plus1_Control","Low","Medium"
"VCL",0.046788,0.396,"plus1_Control","Low","Medium"
"VEGFC",0.49565,0.478,"plus1_Control","Medium","Medium"
"VPS16",2.2652e-15,0.818,"plus1_Control","Low","High"
"WBP11",0.99994,0.148,"plus1_Control","High","Low"
"WDR11",1.3704e-08,0.532,"plus1_Control","Low","Medium"
"WDR26",1,0.085,"plus1_Control","High","Low"
"WT1",0.99648,0.247,"plus1_Control","High","Medium"
"YAP1",0.99918,0.19,"plus1_Control","High","Low"
"ZFHX3",1,0.136,"plus1_Control","High","Low"
"ZMYM2",0.66648,0.332,"plus1_Control","High","Medium"
"ZNF408",1.1792e-06,0.816,"plus1_Control","Low","High"
"ZNF462",1,0.085,"plus1_Control","High","Low"
"ZP3",0.00028508,0.952,"plus1_Control","Low","High"
"A2ML1",1.6109e-34,0.952,"SNV_Control","Low","High"
"AAGAB",3.8664e-07,1.037,"SNV_Control","Low","High"
"ABCA1",1.4525e-13,0.486,"SNV_Control","Low","Medium"
"ABL1",0.99998,0.176,"SNV_Control","High","Low"
"ACO2",0.20791,0.417,"SNV_Control","Low","Medium"
"ACOX1",0.062095,0.462,"SNV_Control","Low","Medium"
"ACTA1",1.1385e-06,1.223,"SNV_Control","Low","High"
"ADAM10",1,0.117,"SNV_Control","High","Low"
"ADCY10",7.3834e-41,1.034,"SNV_Control","Low","High"
"AFG3L2",5.2511e-09,0.7,"SNV_Control","Low","High"
"AFP",1.1383e-11,0.909,"SNV_Control","Low","High"
"AKAP9",4.5249e-17,0.404,"SNV_Control","Low","Medium"
"ALB",0.64329,0.387,"SNV_Control","Medium","Medium"
"ALG5",0.46347,0.453,"SNV_Control","Medium","Medium"
"ANK2",1,0.106,"SNV_Control","High","Low"
"ANO1",0.87426,0.33,"SNV_Control","High","Medium"
"ARFGEF1",1,0.143,"SNV_Control","High","Low"
"ASB10",2.6403e-12,1.619,"SNV_Control","Low","High"
"ATL1",0.98109,0.308,"SNV_Control","High","Medium"
"ATL3",1.3349e-09,0.904,"SNV_Control","Low","High"
"ATP2A2",0.99945,0.246,"SNV_Control","High","Medium"
"ATR",3.5177e-09,0.399,"SNV_Control","Low","Medium"
"AUTS2",0.99934,0.253,"SNV_Control","High","Medium"
"BEST1",1.8214e-12,1.489,"SNV_Control","Low","High"
"BFSP1",1.8463e-07,1.119,"SNV_Control","Low","High"
"BFSP2",3.2152e-08,1.038,"SNV_Control","Low","High"
"BICC1",0.83685,0.339,"SNV_Control","High","Medium"
"BICD2",0.98272,0.305,"SNV_Control","High","Medium"
"BLVRA",0.00034786,0.922,"SNV_Control","Low","High"
"BMPR1B",0.99863,0.225,"SNV_Control","High","Medium"
"BMPR2",0.99998,0.191,"SNV_Control","High","Low"
"BRPF1",1,0.176,"SNV_Control","High","Low"
"BUB1B",6.998e-10,0.58,"SNV_Control","Low","Medium"
"C5",8.079e-24,0.695,"SNV_Control","Low","High"
"C9",1.6323e-24,1.514,"SNV_Control","Low","High"
"CACNA1C",1,0.102,"SNV_Control","High","Low"
"CACNA1D",1,0.214,"SNV_Control","High","Medium"
"CACNA1E",1,0.124,"SNV_Control","High","Low"
"CACNA1H",4.7778e-10,0.504,"SNV_Control","Low","Medium"
"CACNA1S",6.2588e-12,0.521,"SNV_Control","Low","Medium"
"CAMK2B",0.73914,0.364,"SNV_Control","High","Medium"
"CAPRIN1",0.97247,0.311,"SNV_Control","High","Medium"
"CARD11",0.99995,0.227,"SNV_Control","High","Medium"
"CASP10",4.6392e-12,1.287,"SNV_Control","Low","High"
"CBL",0.00060921,0.503,"SNV_Control","Low","Medium"
"CD46",4.7013e-07,0.896,"SNV_Control","Low","High"
"CDC42BPB",1,0.12,"SNV_Control","High","Low"
"CDC73",0.99995,0.188,"SNV_Control","High","Low"
"CDK13",0.90753,0.324,"SNV_Control","High","Medium"
"CDK8",0.40964,0.418,"SNV_Control","Medium","Medium"
"CDON",2.0608e-15,0.779,"SNV_Control","Low","High"
"CEACAM16",1.5758e-05,1.032,"SNV_Control","Low","High"
"CEBPE",0.0070769,0.995,"SNV_Control","Low","High"
"CEP85L",4.5367e-09,0.707,"SNV_Control","Low","High"
"CETP",1.1892e-23,1.499,"SNV_Control","Low","High"
"CHD3",1,0.147,"SNV_Control","High","Low"
"CHRNA1",2.0681e-08,1.079,"SNV_Control","Low","High"
"CHRNA4",8.5474e-05,0.822,"SNV_Control","Low","High"
"CHRNB1",5.0456e-08,0.996,"SNV_Control","Low","High"
"CLCN2",5.546e-12,0.769,"SNV_Control","Low","High"
"CLCN7",0.27238,0.394,"SNV_Control","Low","Medium"
"CNOT1",1,0.038,"SNV_Control","High","Low"
"COCH",1.2365e-07,0.913,"SNV_Control","Low","High"
"COG4",3.9748e-09,0.713,"SNV_Control","Low","High"
"COL6A3",1.8131e-20,0.562,"SNV_Control","Low","Medium"
"COL9A1",3.0742e-19,0.814,"SNV_Control","Low","High"
"COL9A2",1.0453e-08,0.636,"SNV_Control","Low","High"
"CPA6",4.3984e-17,1.237,"SNV_Control","Low","High"
"CPSF1",3.1043e-10,0.54,"SNV_Control","Low","Medium"
"CREB3L3",8.0596e-14,1.469,"SNV_Control","Low","High"
"CSNK2A1",0.98711,0.297,"SNV_Control","High","Medium"
"CSNK2B",0.91728,0.383,"SNV_Control","High","Medium"
"CTNNA1",0.96962,0.313,"SNV_Control","High","Medium"
"CTNNB1",0.99999,0.129,"SNV_Control","High","Low"
"CUL3",0.9996,0.228,"SNV_Control","High","Medium"
"CUX1",1,0.163,"SNV_Control","High","Low"
"CYP19A1",1.7022e-05,0.877,"SNV_Control","Low","High"
"DCC",0.99448,0.283,"SNV_Control","High","Medium"
"DEAF1",0.00034113,0.698,"SNV_Control","Low","High"
"DHTKD1",2.7884e-30,1.247,"SNV_Control","Low","High"
"DHX30",1,0.115,"SNV_Control","High","Low"
"DICER1",1,0.166,"SNV_Control","High","Low"
"DLL4",0.99982,0.188,"SNV_Control","High","Low"
"DMXL2",1,0.158,"SNV_Control","High","Low"
"DNAJB11",0.22551,0.518,"SNV_Control","Low","Medium"
"DNASE1",6.9801e-21,1.948,"SNV_Control","Low","High"
"DNM1",0.99917,0.252,"SNV_Control","High","Medium"
"DSTYK",0.51262,0.371,"SNV_Control","Medium","Medium"
"DUSP6",0.97603,0.261,"SNV_Control","High","Medium"
"DZIP1",3.1283e-20,1.03,"SNV_Control","Low","High"
"EDN1",0.45504,0.635,"SNV_Control","Medium","High"
"EDN3",0.024568,0.964,"SNV_Control","Low","High"
"EFTUD2",1,0.094,"SNV_Control","High","Low"
"EGFR",0.36837,0.349,"SNV_Control","Medium","Medium"
"EMILIN1",0.0043908,0.512,"SNV_Control","Low","Medium"
"EPHA2",1.073e-05,0.555,"SNV_Control","Low","Medium"
"ERBB3",1.7003e-15,0.685,"SNV_Control","Low","High"
"ESR1",0.9992,0.19,"SNV_Control","High","Low"
"EVC",3.462e-25,1.064,"SNV_Control","Low","High"
"EXT2",1.3179e-09,0.766,"SNV_Control","Low","High"
"F12",8.2526e-08,0.775,"SNV_Control","Low","High"
"F5",5.919e-15,0.562,"SNV_Control","Low","Medium"
"FAR1",0.98504,0.299,"SNV_Control","High","Medium"
"FASLG",0.18345,0.716,"SNV_Control","Low","High"
"FGF23",0.031014,1.28,"SNV_Control","Low","High"
"FGF8",0.67676,0.51,"SNV_Control","High","Medium"
"FGFR2",0.99731,0.27,"SNV_Control","High","Medium"
"FIG4",2.3423e-34,1.24,"SNV_Control","Low","High"
"FLNB",6.0505e-10,0.443,"SNV_Control","Low","Medium"
"FSHR",1.3689e-11,1.215,"SNV_Control","Low","High"
"GABRA1",0.91489,0.367,"SNV_Control","High","Medium"
"GABRB3",0.95138,0.341,"SNV_Control","High","Medium"
"GANAB",0.99873,0.267,"SNV_Control","High","Medium"
"GATA6",0.99709,0.174,"SNV_Control","High","Low"
"GATAD2B",0.99998,0.097,"SNV_Control","High","Low"
"GBF1",4.7521e-15,0.551,"SNV_Control","Low","Medium"
"GDF6",0.98833,0.223,"SNV_Control","High","Medium"
"GH1",0.030057,0.914,"SNV_Control","Low","High"
"GHR",8.4385e-05,0.662,"SNV_Control","Low","High"
"GHSR",0.0065825,1.012,"SNV_Control","Low","High"
"GMNN",0.1149,0.825,"SNV_Control","Low","High"
"GNAL",0.99829,0.206,"SNV_Control","High","Medium"
"GNB1",0.9992,0.145,"SNV_Control","High","Low"
"GRHL3",0.99292,0.277,"SNV_Control","High","Medium"
"GRIA1",0.99869,0.259,"SNV_Control","High","Medium"
"GRIA2",0.99916,0.247,"SNV_Control","High","Medium"
"GRIN1",0.97629,0.309,"SNV_Control","High","Medium"
"GRN",0.069666,0.483,"SNV_Control","Low","Medium"
"GUCY2C",1.3919e-30,1.079,"SNV_Control","Low","High"
"HCN1",0.99989,0.181,"SNV_Control","High","Low"
"HEPACAM",0.86791,0.409,"SNV_Control","High","Medium"
"HESX1",0.00079734,1.237,"SNV_Control","Low","High"
"HMGA2",0.87015,0.449,"SNV_Control","High","Medium"
"HNRNPH1",0.99993,0.109,"SNV_Control","High","Low"
"HNRNPK",0.99998,0.096,"SNV_Control","High","Low"
"HPD",0.00052764,0.666,"SNV_Control","Low","High"
"HSF4",1.0632e-09,1.108,"SNV_Control","Low","High"
"HSPA9",0.96852,0.319,"SNV_Control","High","Medium"
"HTRA1",0.00049201,0.752,"SNV_Control","Low","High"
"HTT",1,0.176,"SNV_Control","High","Low"
"IFITM5",2.1754e-06,1.949,"SNV_Control","Low","High"
"IFNGR1",0.015503,0.7,"SNV_Control","Low","High"
"IKBKB",0.99192,0.29,"SNV_Control","High","Medium"
"IKZF1",0.9986,0.156,"SNV_Control","High","Low"
"IL17RD",1.053e-06,0.688,"SNV_Control","Low","High"
"IMPG1",1.3662e-29,1.354,"SNV_Control","Low","High"
"IMPG2",2.7548e-13,0.72,"SNV_Control","Low","High"
"INSR",3.6145e-05,0.453,"SNV_Control","Low","Medium"
"ITGA2B",1.5205e-16,0.756,"SNV_Control","Low","High"
"ITGB3",0.0017189,0.519,"SNV_Control","Low","Medium"
"JARID2",0.99999,0.188,"SNV_Control","High","Low"
"JPH1",0.76731,0.409,"SNV_Control","High","Medium"
"JUP",0.00080103,0.587,"SNV_Control","Low","Medium"
"KCNC3",0.20575,0.587,"SNV_Control","Low","Medium"
"KCNMA1",0.99731,0.276,"SNV_Control","High","Medium"
"KCNQ3",0.80089,0.356,"SNV_Control","High","Medium"
"KCNQ4",0.46799,0.41,"SNV_Control","Medium","Medium"
"KCNT2",0.041658,0.374,"SNV_Control","Low","Medium"
"KDM1A",0.99667,0.276,"SNV_Control","High","Medium"
"KDM4B",1,0.171,"SNV_Control","High","Low"
"KIF11",1,0.121,"SNV_Control","High","Low"
"KIF21A",2.865e-08,0.456,"SNV_Control","Low","Medium"
"KIF2A",0.99998,0.162,"SNV_Control","High","Low"
"KIF5A",0.99995,0.228,"SNV_Control","High","Medium"
"KLHL24",0.0016745,0.65,"SNV_Control","Low","High"
"KLHL7",4.559e-05,0.643,"SNV_Control","Low","High"
"KRT14",0.00020311,0.846,"SNV_Control","Low","High"
"KRT6A",7.0326e-05,0.843,"SNV_Control","Low","High"
"KRT81",1.2108e-18,1.906,"SNV_Control","Low","High"
"LDB3",9.5733e-06,0.676,"SNV_Control","Low","High"
"LIPC",3.2764e-07,0.93,"SNV_Control","Low","High"
"LMBR1",1.2575e-08,0.826,"SNV_Control","Low","High"
"LMNA",0.9994,0.209,"SNV_Control","High","Medium"
"LPA",6.5917e-89,1.524,"SNV_Control","Low","High"
"LPP",0.0071908,0.56,"SNV_Control","Low","Medium"
"LRP4",1.4386e-06,0.416,"SNV_Control","Low","Medium"
"LRP6",0.69664,0.318,"SNV_Control","High","Medium"
"LRRK2",2.5757e-30,0.64,"SNV_Control","Low","High"
"MAP3K1",0.99998,0.214,"SNV_Control","High","Medium"
"MAPK8IP3",1,0.15,"SNV_Control","High","Low"
"MAPRE2",0.8341,0.406,"SNV_Control","High","Medium"
"MAST1",1,0.159,"SNV_Control","High","Low"
"MCOLN1",0.00058027,0.604,"SNV_Control","Low","High"
"MEIS2",0.99938,0.184,"SNV_Control","High","Low"
"MIB1",3.3574e-88,1.973,"SNV_Control","Low","High"
"MMP13",7.8767e-18,1.524,"SNV_Control","Low","High"
"MPO",7.105e-15,1.145,"SNV_Control","Low","High"
"MSTO1",1.6182e-09,1.076,"SNV_Control","Low","High"
"MTMR14",1.3607e-07,0.691,"SNV_Control","Low","High"
"MYH11",0.77299,0.305,"SNV_Control","High","Medium"
"MYH2",3.6703e-23,0.686,"SNV_Control","Low","High"
"MYOCD",0.33364,0.387,"SNV_Control","Low","Medium"
"MYPN",2.611e-06,0.506,"SNV_Control","Low","Medium"
"NCSTN",0.99942,0.234,"SNV_Control","High","Medium"
"NEDD4L",1,0.198,"SNV_Control","High","Low"
"NEFH",2.6684e-12,1.064,"SNV_Control","Low","High"
"NEXN",3.9115e-11,0.779,"SNV_Control","Low","High"
"NF2",1,0.086,"SNV_Control","High","Low"
"NFIB",0.99861,0.225,"SNV_Control","High","Medium"
"NFKB1",1,0.138,"SNV_Control","High","Low"
"NLRC4",9.8714e-12,0.918,"SNV_Control","Low","High"
"NLRP12",3.6493e-28,1.355,"SNV_Control","Low","High"
"NLRP3",0.00081103,0.519,"SNV_Control","Low","Medium"
"NODAL",0.97028,0.31,"SNV_Control","High","Medium"
"NPR2",4.2042e-05,0.495,"SNV_Control","Low","Medium"
"NPRL2",0.38813,0.47,"SNV_Control","Medium","Medium"
"NR0B2",8.3377e-06,1.638,"SNV_Control","Low","High"
"NRAS",0.49009,0.612,"SNV_Control","Medium","High"
"NSMF",0.26482,0.443,"SNV_Control","Low","Medium"
"OPLAH",6.9736e-17,0.868,"SNV_Control","Low","High"
"OPTN",5.91e-18,1.256,"SNV_Control","Low","High"
"PACS1",0.99999,0.185,"SNV_Control","High","Low"
"PARN",0.00037303,0.519,"SNV_Control","Low","Medium"
"PAX2",0.66999,0.434,"SNV_Control","High","Medium"
"PAX3",0.24063,0.475,"SNV_Control","Low","Medium"
"PAX8",0.99869,0.2,"SNV_Control","High","Low"
"PAX9",0.30866,0.614,"SNV_Control","Low","High"
"PBX1",0.99527,0.255,"SNV_Control","High","Medium"
"PDE10A",0.99986,0.213,"SNV_Control","High","Medium"
"PDE11A",8.6896e-37,1.404,"SNV_Control","Low","High"
"PDE6H",0.0082921,1.807,"SNV_Control","Low","High"
"PDE8B",0.99905,0.249,"SNV_Control","High","Medium"
"PIEZO1",3.9379e-21,0.581,"SNV_Control","Low","Medium"
"PIGT",7.2959e-10,0.948,"SNV_Control","Low","High"
"PIK3R2",0.016273,0.489,"SNV_Control","Low","Medium"
"PIKFYVE",1.1074e-06,0.389,"SNV_Control","Low","Medium"
"PITPNM3",0.99992,0.206,"SNV_Control","High","Medium"
"PLCD1",1.737e-19,1.103,"SNV_Control","Low","High"
"PLG",0.010345,0.443,"SNV_Control","Low","Medium"
"PLIN1",3.1486e-11,1.26,"SNV_Control","Low","High"
"PNPT1",0.00040072,0.475,"SNV_Control","Low","Medium"
"POFUT1",0.96303,0.33,"SNV_Control","High","Medium"
"POLD1",2.4179e-06,0.527,"SNV_Control","Low","Medium"
"POLE",8.0488e-27,0.64,"SNV_Control","Low","High"
"POLG2",1.528e-10,1.059,"SNV_Control","Low","High"
"POLR1A",0.9998,0.256,"SNV_Control","High","Medium"
"POLR3B",1.6812e-23,0.868,"SNV_Control","Low","High"
"POLR3F",1.038e-06,1.067,"SNV_Control","Low","High"
"POLRMT",1.739e-20,0.943,"SNV_Control","Low","High"
"POU6F2",0.0015216,0.557,"SNV_Control","Low","Medium"
"PPP1R12A",1,0.13,"SNV_Control","High","Low"
"PRDM16",0.99999,0.187,"SNV_Control","High","Low"
"PRDX3",0.0042426,0.877,"SNV_Control","Low","High"
"PRKCG",0.99985,0.203,"SNV_Control","High","Medium"
"PRLR",0.98732,0.293,"SNV_Control","High","Medium"
"PRODH",5.3577e-12,1.1,"SNV_Control","Low","High"
"PROM1",1.9485e-22,1.051,"SNV_Control","Low","High"
"PRPF6",0.0032101,0.441,"SNV_Control","Low","Medium"
"PRPH",4.7898e-14,1.383,"SNV_Control","Low","High"
"PRSS1",4.1384e-11,1.863,"SNV_Control","Low","High"
"PSAP",0.99051,0.285,"SNV_Control","High","Medium"
"PSENEN",0.87614,0.439,"SNV_Control","High","Medium"
"RAD54L",2.3634e-15,0.97,"SNV_Control","Low","High"
"RBM20",0.98954,0.295,"SNV_Control","High","Medium"
"REEP2",0.43941,0.549,"SNV_Control","Medium","Medium"
"RHAG",0.010404,0.65,"SNV_Control","Low","High"
"RHOBTB2",0.013306,0.497,"SNV_Control","Low","Medium"
"RIT1",0.13281,0.645,"SNV_Control","Low","High"
"RNASEL",1.9513e-10,1.133,"SNV_Control","Low","High"
"RNF170",0.51091,0.52,"SNV_Control","Medium","Medium"
"RNF213",4.9078e-55,0.656,"SNV_Control","Low","High"
"ROBO4",2.942e-15,0.909,"SNV_Control","Low","High"
"RP9",0.018956,0.803,"SNV_Control","Low","High"
"RPS24",0.68141,0.591,"SNV_Control","High","Medium"
"RTN2",0.41643,0.417,"SNV_Control","Medium","Medium"
"RYR2",0.99999,0.25,"SNV_Control","High","Medium"
"SCAF4",1,0.106,"SNV_Control","High","Low"
"SCN1B",0.10186,1.265,"SNV_Control","Low","High"
"SCN3A",1,0.174,"SNV_Control","High","Low"
"SEC61A1",0.98675,0.295,"SNV_Control","High","Medium"
"SEMA3A",0.9779,0.307,"SNV_Control","High","Medium"
"SERPINA6",8.3448e-07,1.488,"SNV_Control","Low","High"
"SERPIND1",2.5137e-10,1.497,"SNV_Control","Low","High"
"SETX",0.95483,0.296,"SNV_Control","High","Medium"
"SF3B2",0.99992,0.222,"SNV_Control","High","Medium"
"SLC12A2",0.96153,0.31,"SNV_Control","High","Medium"
"SLC16A1",0.00073565,0.821,"SNV_Control","Low","High"
"SLC17A8",0.0013196,0.608,"SNV_Control","Low","High"
"SLC30A2",0.080883,0.615,"SNV_Control","Low","High"
"SLC39A14",0.15001,0.554,"SNV_Control","Low","Medium"
"SLC6A5",8.977e-15,0.967,"SNV_Control","Low","High"
"SMAD2",0.99661,0.259,"SNV_Control","High","Medium"
"SMARCA4",1,0.055,"SNV_Control","High","Low"
"SMARCE1",0.99915,0.191,"SNV_Control","High","Low"
"SPEN",1,0.071,"SNV_Control","High","Low"
"SPTAN1",1,0.101,"SNV_Control","High","Low"
"STAT3",1,0.095,"SNV_Control","High","Low"
"STEAP3",5.3195e-09,1.344,"SNV_Control","Low","High"
"SUPT16H",1,0.12,"SNV_Control","High","Low"
"SYNE2",1.6503e-25,0.372,"SNV_Control","Low","Medium"
"SYT2",0.98133,0.287,"SNV_Control","High","Medium"
"TBX3",0.98907,0.281,"SNV_Control","High","Medium"
"TCF3",0.025824,0.498,"SNV_Control","Low","Medium"
"TCF7L2",0.99537,0.273,"SNV_Control","High","Medium"
"TERT",0.99046,0.293,"SNV_Control","High","Medium"
"TFG",0.14061,0.511,"SNV_Control","Low","Medium"
"TGFB1",0.03685,0.614,"SNV_Control","Low","High"
"TGFBR1",0.85379,0.383,"SNV_Control","High","Medium"
"TGM6",1.1154e-24,1.367,"SNV_Control","Low","High"
"TIMELESS",9.8476e-35,0.977,"SNV_Control","Low","High"
"TINF2",0.0012666,0.671,"SNV_Control","Low","High"
"TNFRSF13B",2.0908e-15,1.958,"SNV_Control","Low","High"
"TNNI3K",3.0654e-48,1.427,"SNV_Control","Low","High"
"TNPO3",1.7546e-06,0.515,"SNV_Control","Low","Medium"
"TRAF3",0.99869,0.224,"SNV_Control","High","Medium"
"TRIO",1,0.139,"SNV_Control","High","Low"
"TRPV4",2.237e-16,1.057,"SNV_Control","Low","High"
"TSC1",1,0.118,"SNV_Control","High","Low"
"TSPAN12",0.69473,0.457,"SNV_Control","High","Medium"
"TTC21B",2.704e-26,0.852,"SNV_Control","Low","High"
"TUBA3D",7.2364e-10,1.565,"SNV_Control","Low","High"
"UBA2",0.99851,0.241,"SNV_Control","High","Medium"
"UBAP1",0.91168,0.379,"SNV_Control","High","Medium"
"UCP3",9.5517e-10,1.737,"SNV_Control","Low","High"
"VCAN",1,0.199,"SNV_Control","High","Low"
"VCL",0.046788,0.396,"SNV_Control","Low","Medium"
"VEGFC",0.49565,0.478,"SNV_Control","Medium","Medium"
"VPS16",2.2652e-15,0.818,"SNV_Control","Low","High"
"VWF",3.2187e-25,0.593,"SNV_Control","Low","Medium"
"WDFY3",1,0.071,"SNV_Control","High","Low"
"WDR11",1.3704e-08,0.532,"SNV_Control","Low","Medium"
"WDR26",1,0.085,"SNV_Control","High","Low"
"ZBTB7A",0.95915,0.329,"SNV_Control","High","Medium"
"ZFHX3",1,0.136,"SNV_Control","High","Low"
"ZMYM2",0.66648,0.332,"SNV_Control","High","Medium"
"ZNF462",1,0.085,"SNV_Control","High","Low"
