"group","hgnc_symbol","protein_flag2","domains_flag2","slim_flag2","morf_flag2","ptm_flag2","nls_flag2"
"Minus1","ABCC6",TRUE,TRUE,FALSE,FALSE,TRUE,FALSE
"Minus1","AIRE",TRUE,FALSE,FALSE,FALSE,FALSE,FALSE
"Minus1","APPL1",TRUE,FALSE,FALSE,FALSE,TRUE,TRUE
"Minus1","ATAD3A",TRUE,TRUE,FALSE,FALSE,TRUE,FALSE
"Minus1","BPTF",TRUE,TRUE,FALSE,FALSE,TRUE,TRUE
"Minus1","CDKN1C",TRUE,FALSE,TRUE,FALSE,TRUE,TRUE
"Minus1","COL1A2",TRUE,TRUE,FALSE,FALSE,FALSE,FALSE
"Minus1","COL6A2",TRUE,TRUE,FALSE,FALSE,TRUE,FALSE
"Minus1","DAGLA",TRUE,FALSE,FALSE,FALSE,TRUE,FALSE
"Minus1","DVL3",TRUE,TRUE,FALSE,FALSE,TRUE,FALSE
"Minus1","ELANE",TRUE,TRUE,FALSE,FALSE,FALSE,FALSE
"Minus1","EYA1",FALSE,TRUE,FALSE,FALSE,FALSE,FALSE
"Minus1","FOXN1",TRUE,FALSE,FALSE,FALSE,TRUE,TRUE
"Minus1","GABRG2",TRUE,TRUE,FALSE,FALSE,TRUE,FALSE
"Minus1","GATA4",TRUE,FALSE,FALSE,FALSE,TRUE,FALSE
"Minus1","GFAP",TRUE,TRUE,FALSE,FALSE,FALSE,FALSE
"Minus1","GFI1B",TRUE,TRUE,FALSE,FALSE,FALSE,TRUE
"Minus1","GRM1",TRUE,TRUE,TRUE,FALSE,TRUE,FALSE
"Minus1","HBB",TRUE,TRUE,FALSE,FALSE,TRUE,FALSE
"Minus1","HSPB1",TRUE,TRUE,FALSE,FALSE,TRUE,FALSE
"Minus1","KAT6B",TRUE,FALSE,FALSE,FALSE,TRUE,TRUE
"Minus1","KISS1R",TRUE,TRUE,FALSE,FALSE,TRUE,FALSE
"Minus1","LRSAM1",FALSE,FALSE,FALSE,FALSE,FALSE,FALSE
"Minus1","MAT1A",TRUE,TRUE,FALSE,FALSE,TRUE,FALSE
"Minus1","MSH6",TRUE,TRUE,FALSE,FALSE,TRUE,TRUE
"Minus1","MYH7",TRUE,TRUE,FALSE,FALSE,TRUE,FALSE
"Minus1","PAFAH1B1",TRUE,TRUE,FALSE,FALSE,TRUE,FALSE
"Minus1","POLG",TRUE,FALSE,FALSE,FALSE,TRUE,FALSE
"Minus1","POMP",FALSE,TRUE,FALSE,FALSE,FALSE,FALSE
"Minus1","PPM1D",TRUE,FALSE,FALSE,FALSE,TRUE,TRUE
"Minus1","PRRT2",FALSE,TRUE,FALSE,FALSE,FALSE,FALSE
"Minus1","RARB",TRUE,TRUE,FALSE,FALSE,FALSE,TRUE
"Minus1","RASA1",TRUE,TRUE,FALSE,FALSE,FALSE,FALSE
"Minus1","RDH12",TRUE,TRUE,FALSE,FALSE,TRUE,FALSE
"Minus1","RPE65",TRUE,TRUE,FALSE,FALSE,FALSE,FALSE
"Minus1","RPS19",FALSE,FALSE,FALSE,FALSE,FALSE,FALSE
"Minus1","SCNN1G",FALSE,TRUE,TRUE,FALSE,TRUE,FALSE
"Minus1","SDHD",TRUE,TRUE,FALSE,FALSE,FALSE,FALSE
"Minus1","SERPING1",TRUE,TRUE,FALSE,FALSE,TRUE,FALSE
"Minus1","SOX9",TRUE,FALSE,FALSE,FALSE,TRUE,FALSE
"Minus1","SQSTM1",TRUE,TRUE,FALSE,FALSE,TRUE,TRUE
"Minus1","STAG1",FALSE,FALSE,FALSE,FALSE,TRUE,FALSE
"Minus1","STUB1",TRUE,TRUE,FALSE,FALSE,TRUE,TRUE
"Minus1","SYCP3",TRUE,TRUE,FALSE,FALSE,FALSE,FALSE
"Minus1","TCAP",TRUE,TRUE,FALSE,FALSE,TRUE,FALSE
"Minus1","TGFBR2",TRUE,TRUE,FALSE,FALSE,TRUE,FALSE
"Minus1","THRA",TRUE,TRUE,FALSE,FALSE,TRUE,FALSE
"Minus1","TMEM127",FALSE,FALSE,FALSE,FALSE,TRUE,FALSE
"Minus1","TP63",TRUE,FALSE,FALSE,FALSE,TRUE,FALSE
"Minus1","VHL",TRUE,TRUE,FALSE,FALSE,TRUE,FALSE
"Minus1","WNT1",TRUE,TRUE,FALSE,FALSE,TRUE,FALSE
"Minus1","WNT10A",TRUE,TRUE,FALSE,FALSE,FALSE,FALSE
"Minus1","ZIC2",TRUE,TRUE,FALSE,FALSE,FALSE,FALSE
"Minus1_Control","A2ML1",TRUE,TRUE,FALSE,FALSE,FALSE,FALSE
"Minus1_Control","ABCA1",TRUE,FALSE,FALSE,FALSE,TRUE,FALSE
"Minus1_Control","ABCG2",TRUE,TRUE,FALSE,FALSE,FALSE,FALSE
"Minus1_Control","ACD",TRUE,FALSE,FALSE,FALSE,TRUE,TRUE
"Minus1_Control","ACO2",TRUE,FALSE,FALSE,FALSE,TRUE,FALSE
"Minus1_Control","ADCY10",FALSE,FALSE,FALSE,FALSE,FALSE,FALSE
"Minus1_Control","AFG3L2",TRUE,FALSE,FALSE,FALSE,TRUE,FALSE
"Minus1_Control","AFP",FALSE,TRUE,FALSE,FALSE,FALSE,FALSE
"Minus1_Control","ALB",TRUE,TRUE,FALSE,FALSE,TRUE,FALSE
"Minus1_Control","ALG5",TRUE,TRUE,FALSE,FALSE,FALSE,FALSE
"Minus1_Control","ALG8",FALSE,TRUE,FALSE,FALSE,TRUE,FALSE
"Minus1_Control","ANK2",FALSE,FALSE,FALSE,FALSE,TRUE,FALSE
"Minus1_Control","ANKH",TRUE,FALSE,FALSE,FALSE,TRUE,FALSE
"Minus1_Control","AP4E1",TRUE,TRUE,FALSE,FALSE,TRUE,FALSE
"Minus1_Control","ARFGEF1",FALSE,FALSE,FALSE,FALSE,FALSE,TRUE
"Minus1_Control","ARID2",FALSE,FALSE,FALSE,FALSE,FALSE,FALSE
"Minus1_Control","AVP",TRUE,TRUE,FALSE,FALSE,FALSE,FALSE
"Minus1_Control","BMPR2",TRUE,FALSE,TRUE,FALSE,TRUE,FALSE
"Minus1_Control","BNC1",TRUE,TRUE,FALSE,FALSE,TRUE,TRUE
"Minus1_Control","BUB1B",TRUE,FALSE,FALSE,FALSE,TRUE,FALSE
"Minus1_Control","C9",TRUE,FALSE,FALSE,FALSE,FALSE,FALSE
"Minus1_Control","CACNA1A",TRUE,FALSE,FALSE,FALSE,TRUE,FALSE
"Minus1_Control","CACNA1C",TRUE,TRUE,FALSE,FALSE,TRUE,FALSE
"Minus1_Control","CAMK2B",FALSE,TRUE,FALSE,FALSE,FALSE,FALSE
"Minus1_Control","CAPRIN1",TRUE,TRUE,FALSE,FALSE,TRUE,FALSE
"Minus1_Control","CARD11",FALSE,FALSE,FALSE,FALSE,FALSE,FALSE
"Minus1_Control","CASQ1",TRUE,TRUE,FALSE,FALSE,FALSE,FALSE
"Minus1_Control","CCM2",TRUE,TRUE,FALSE,FALSE,TRUE,FALSE
"Minus1_Control","CD46",FALSE,FALSE,FALSE,FALSE,TRUE,FALSE
"Minus1_Control","CD96",FALSE,FALSE,FALSE,FALSE,TRUE,FALSE
"Minus1_Control","CDC73",TRUE,TRUE,FALSE,FALSE,TRUE,FALSE
"Minus1_Control","CDH2",FALSE,FALSE,FALSE,FALSE,FALSE,FALSE
"Minus1_Control","CDK13",TRUE,FALSE,FALSE,FALSE,TRUE,FALSE
"Minus1_Control","CEBPE",TRUE,TRUE,FALSE,FALSE,TRUE,TRUE
"Minus1_Control","CETP",TRUE,TRUE,FALSE,FALSE,FALSE,FALSE
"Minus1_Control","CFB",TRUE,TRUE,FALSE,FALSE,FALSE,FALSE
"Minus1_Control","CFHR1",TRUE,TRUE,FALSE,FALSE,TRUE,FALSE
"Minus1_Control","CFHR5",TRUE,TRUE,FALSE,FALSE,FALSE,FALSE
"Minus1_Control","CHD3",TRUE,FALSE,FALSE,FALSE,FALSE,TRUE
"Minus1_Control","CHRNA1",FALSE,TRUE,FALSE,FALSE,FALSE,FALSE
"Minus1_Control","CHRNA4",FALSE,FALSE,FALSE,FALSE,FALSE,FALSE
"Minus1_Control","CHRNB1",TRUE,TRUE,FALSE,FALSE,TRUE,FALSE
"Minus1_Control","CLCN2",TRUE,FALSE,FALSE,FALSE,TRUE,FALSE
"Minus1_Control","CLCN3",TRUE,TRUE,FALSE,FALSE,FALSE,FALSE
"Minus1_Control","CLCN7",TRUE,TRUE,FALSE,FALSE,TRUE,FALSE
"Minus1_Control","CNNM2",TRUE,FALSE,FALSE,FALSE,TRUE,FALSE
"Minus1_Control","COCH",FALSE,TRUE,FALSE,FALSE,FALSE,FALSE
"Minus1_Control","COL11A1",TRUE,TRUE,FALSE,FALSE,TRUE,FALSE
"Minus1_Control","COL6A1",TRUE,TRUE,FALSE,FALSE,TRUE,FALSE
"Minus1_Control","COL9A1",TRUE,FALSE,FALSE,FALSE,FALSE,FALSE
"Minus1_Control","COMP",FALSE,FALSE,FALSE,FALSE,FALSE,FALSE
"Minus1_Control","COMT",FALSE,FALSE,FALSE,FALSE,FALSE,FALSE
"Minus1_Control","COPB2",TRUE,FALSE,FALSE,FALSE,TRUE,FALSE
"Minus1_Control","CPA6",TRUE,TRUE,FALSE,FALSE,TRUE,FALSE
"Minus1_Control","CREB3L3",TRUE,FALSE,FALSE,FALSE,FALSE,FALSE
"Minus1_Control","CRYGB",TRUE,TRUE,FALSE,FALSE,TRUE,FALSE
"Minus1_Control","CSF3R",TRUE,FALSE,TRUE,FALSE,TRUE,FALSE
"Minus1_Control","CTCF",TRUE,FALSE,FALSE,FALSE,TRUE,TRUE
"Minus1_Control","CTRC",TRUE,TRUE,FALSE,FALSE,FALSE,FALSE
"Minus1_Control","CUX2",FALSE,FALSE,FALSE,FALSE,FALSE,FALSE
"Minus1_Control","DEAF1",TRUE,TRUE,FALSE,FALSE,FALSE,FALSE
"Minus1_Control","DHTKD1",TRUE,TRUE,FALSE,FALSE,TRUE,FALSE
"Minus1_Control","DIABLO",TRUE,TRUE,FALSE,FALSE,TRUE,FALSE
"Minus1_Control","DIAPH3",FALSE,FALSE,FALSE,FALSE,FALSE,FALSE
"Minus1_Control","DICER1",FALSE,TRUE,FALSE,FALSE,TRUE,FALSE
"Minus1_Control","DLL4",FALSE,FALSE,FALSE,FALSE,FALSE,FALSE
"Minus1_Control","DNAJB11",FALSE,FALSE,FALSE,FALSE,TRUE,FALSE
"Minus1_Control","DNM1L",TRUE,TRUE,FALSE,FALSE,TRUE,FALSE
"Minus1_Control","DPP6",FALSE,FALSE,FALSE,FALSE,FALSE,FALSE
"Minus1_Control","DRD4",TRUE,TRUE,FALSE,FALSE,TRUE,FALSE
"Minus1_Control","DSTYK",FALSE,TRUE,FALSE,FALSE,TRUE,FALSE
"Minus1_Control","DYNC1H1",FALSE,TRUE,FALSE,FALSE,FALSE,FALSE
"Minus1_Control","EFEMP1",TRUE,FALSE,FALSE,FALSE,TRUE,FALSE
"Minus1_Control","EGFR",TRUE,FALSE,TRUE,FALSE,TRUE,FALSE
"Minus1_Control","EIF4A2",FALSE,TRUE,FALSE,FALSE,TRUE,FALSE
"Minus1_Control","EIF5A",TRUE,TRUE,FALSE,FALSE,TRUE,TRUE
"Minus1_Control","EMILIN1",TRUE,TRUE,FALSE,FALSE,FALSE,FALSE
"Minus1_Control","EPCAM",FALSE,FALSE,FALSE,FALSE,FALSE,FALSE
"Minus1_Control","EPHB4",TRUE,TRUE,FALSE,FALSE,TRUE,FALSE
"Minus1_Control","EPO",TRUE,TRUE,FALSE,FALSE,TRUE,FALSE
"Minus1_Control","EPOR",TRUE,FALSE,FALSE,FALSE,TRUE,FALSE
"Minus1_Control","ERBB3",FALSE,FALSE,TRUE,FALSE,TRUE,FALSE
"Minus1_Control","ERBB4",TRUE,FALSE,TRUE,FALSE,TRUE,TRUE
"Minus1_Control","EVC",TRUE,FALSE,FALSE,FALSE,FALSE,FALSE
"Minus1_Control","EXT2",TRUE,TRUE,FALSE,FALSE,TRUE,FALSE
"Minus1_Control","F13A1",TRUE,TRUE,FALSE,FALSE,TRUE,FALSE
"Minus1_Control","FASLG",TRUE,TRUE,TRUE,FALSE,TRUE,FALSE
"Minus1_Control","FBN2",TRUE,TRUE,FALSE,FALSE,TRUE,FALSE
"Minus1_Control","FIG4",FALSE,FALSE,FALSE,FALSE,TRUE,FALSE
"Minus1_Control","FIGLA",FALSE,FALSE,FALSE,FALSE,FALSE,FALSE
"Minus1_Control","FLT4",TRUE,FALSE,FALSE,FALSE,TRUE,TRUE
"Minus1_Control","FN1",TRUE,TRUE,FALSE,FALSE,TRUE,FALSE
"Minus1_Control","GABBR2",FALSE,FALSE,FALSE,FALSE,FALSE,FALSE
"Minus1_Control","GANAB",FALSE,FALSE,FALSE,FALSE,TRUE,FALSE
"Minus1_Control","GATA6",TRUE,FALSE,FALSE,FALSE,FALSE,FALSE
"Minus1_Control","GDF6",FALSE,FALSE,FALSE,FALSE,FALSE,FALSE
"Minus1_Control","GH1",TRUE,TRUE,FALSE,FALSE,TRUE,FALSE
"Minus1_Control","GLUL",TRUE,TRUE,FALSE,FALSE,TRUE,FALSE
"Minus1_Control","GMNN",FALSE,FALSE,FALSE,FALSE,FALSE,FALSE
"Minus1_Control","GNAL",FALSE,FALSE,FALSE,FALSE,FALSE,FALSE
"Minus1_Control","GNAO1",TRUE,TRUE,FALSE,FALSE,TRUE,FALSE
"Minus1_Control","GNB1",TRUE,TRUE,FALSE,FALSE,TRUE,FALSE
"Minus1_Control","GRIA2",TRUE,TRUE,FALSE,FALSE,TRUE,FALSE
"Minus1_Control","GRN",TRUE,TRUE,FALSE,FALSE,FALSE,FALSE
"Minus1_Control","GUCY2C",FALSE,TRUE,FALSE,FALSE,TRUE,FALSE
"Minus1_Control","HCN2",FALSE,FALSE,FALSE,FALSE,FALSE,FALSE
"Minus1_Control","HCN4",TRUE,FALSE,FALSE,FALSE,TRUE,FALSE
"Minus1_Control","HIVEP2",TRUE,FALSE,FALSE,FALSE,TRUE,FALSE
"Minus1_Control","HMCN1",TRUE,TRUE,FALSE,FALSE,FALSE,FALSE
"Minus1_Control","HOMER2",TRUE,FALSE,FALSE,FALSE,TRUE,FALSE
"Minus1_Control","HOXA2",TRUE,TRUE,FALSE,FALSE,TRUE,TRUE
"Minus1_Control","HRG",TRUE,FALSE,FALSE,FALSE,TRUE,FALSE
"Minus1_Control","HSF4",FALSE,FALSE,FALSE,FALSE,TRUE,TRUE
"Minus1_Control","HTRA1",TRUE,TRUE,FALSE,FALSE,TRUE,FALSE
"Minus1_Control","HTT",TRUE,FALSE,FALSE,FALSE,FALSE,TRUE
"Minus1_Control","IKZF1",FALSE,FALSE,FALSE,FALSE,FALSE,FALSE
"Minus1_Control","IMPG1",FALSE,FALSE,FALSE,FALSE,FALSE,FALSE
"Minus1_Control","INSL3",TRUE,TRUE,FALSE,FALSE,FALSE,FALSE
"Minus1_Control","INSR",TRUE,TRUE,TRUE,FALSE,TRUE,FALSE
"Minus1_Control","IRF2BP2",TRUE,FALSE,FALSE,FALSE,TRUE,TRUE
"Minus1_Control","KCNC3",FALSE,FALSE,FALSE,FALSE,FALSE,FALSE
"Minus1_Control","KCNK18",TRUE,TRUE,FALSE,FALSE,TRUE,FALSE
"Minus1_Control","KCNMA1",TRUE,FALSE,FALSE,FALSE,TRUE,FALSE
"Minus1_Control","KCNQ3",TRUE,TRUE,FALSE,FALSE,TRUE,FALSE
"Minus1_Control","KCNQ4",TRUE,TRUE,FALSE,FALSE,TRUE,FALSE
"Minus1_Control","KCNQ5",TRUE,TRUE,FALSE,FALSE,TRUE,FALSE
"Minus1_Control","KCTD17",TRUE,FALSE,FALSE,FALSE,FALSE,FALSE
"Minus1_Control","KIT",TRUE,FALSE,TRUE,FALSE,TRUE,FALSE
"Minus1_Control","KLF1",TRUE,TRUE,FALSE,FALSE,TRUE,TRUE
"Minus1_Control","KLHL3",TRUE,TRUE,FALSE,FALSE,TRUE,FALSE
"Minus1_Control","KLHL7",TRUE,TRUE,FALSE,FALSE,TRUE,TRUE
"Minus1_Control","KMT2C",TRUE,TRUE,FALSE,FALSE,FALSE,FALSE
"Minus1_Control","KRT5",TRUE,FALSE,FALSE,FALSE,TRUE,FALSE
"Minus1_Control","KRT83",TRUE,TRUE,FALSE,FALSE,FALSE,FALSE
"Minus1_Control","LAMB3",TRUE,FALSE,FALSE,FALSE,TRUE,FALSE
"Minus1_Control","LDB3",FALSE,TRUE,FALSE,FALSE,TRUE,FALSE
"Minus1_Control","LEMD3",TRUE,TRUE,FALSE,FALSE,TRUE,FALSE
"Minus1_Control","LHCGR",TRUE,TRUE,FALSE,FALSE,TRUE,FALSE
"Minus1_Control","LHX4",TRUE,FALSE,FALSE,FALSE,FALSE,FALSE
"Minus1_Control","LRP4",TRUE,FALSE,FALSE,FALSE,TRUE,FALSE
"Minus1_Control","MAF",FALSE,FALSE,FALSE,FALSE,FALSE,FALSE
"Minus1_Control","MAP3K1",FALSE,FALSE,FALSE,FALSE,FALSE,FALSE
"Minus1_Control","MBD4",TRUE,FALSE,FALSE,FALSE,TRUE,FALSE
"Minus1_Control","MED13",TRUE,TRUE,FALSE,FALSE,TRUE,FALSE
"Minus1_Control","MEFV",TRUE,TRUE,FALSE,FALSE,TRUE,TRUE
"Minus1_Control","MEIS2",TRUE,FALSE,FALSE,FALSE,FALSE,FALSE
"Minus1_Control","MIB1",TRUE,TRUE,FALSE,FALSE,TRUE,FALSE
"Minus1_Control","MMP13",TRUE,TRUE,FALSE,FALSE,FALSE,FALSE
"Minus1_Control","MPO",TRUE,TRUE,FALSE,FALSE,TRUE,FALSE
"Minus1_Control","MSTO1",FALSE,FALSE,FALSE,FALSE,FALSE,FALSE
"Minus1_Control","MSX1",TRUE,TRUE,FALSE,FALSE,TRUE,TRUE
"Minus1_Control","MYH2",TRUE,TRUE,FALSE,FALSE,TRUE,FALSE
"Minus1_Control","MYL2",FALSE,TRUE,FALSE,FALSE,TRUE,FALSE
"Minus1_Control","MYL3",TRUE,TRUE,FALSE,FALSE,TRUE,FALSE
"Minus1_Control","MYOCD",TRUE,FALSE,FALSE,FALSE,FALSE,TRUE
"Minus1_Control","MYPN",TRUE,TRUE,FALSE,FALSE,TRUE,TRUE
"Minus1_Control","NALCN",TRUE,FALSE,FALSE,FALSE,TRUE,FALSE
"Minus1_Control","NCDN",FALSE,FALSE,FALSE,FALSE,FALSE,FALSE
"Minus1_Control","NEXN",FALSE,TRUE,FALSE,FALSE,TRUE,FALSE
"Minus1_Control","NFIA",TRUE,TRUE,FALSE,FALSE,TRUE,FALSE
"Minus1_Control","NFKB1",TRUE,FALSE,TRUE,FALSE,TRUE,TRUE
"Minus1_Control","NLRC4",FALSE,FALSE,FALSE,FALSE,FALSE,FALSE
"Minus1_Control","NLRP12",FALSE,FALSE,FALSE,FALSE,FALSE,FALSE
"Minus1_Control","NODAL",TRUE,TRUE,FALSE,FALSE,FALSE,FALSE
"Minus1_Control","NPRL2",FALSE,FALSE,FALSE,FALSE,TRUE,FALSE
"Minus1_Control","NR0B2",FALSE,TRUE,FALSE,FALSE,TRUE,FALSE
"Minus1_Control","NR4A2",TRUE,TRUE,FALSE,FALSE,TRUE,TRUE
"Minus1_Control","OPLAH",FALSE,FALSE,FALSE,FALSE,FALSE,FALSE
"Minus1_Control","OPTN",TRUE,FALSE,FALSE,FALSE,TRUE,FALSE
"Minus1_Control","PARN",TRUE,FALSE,FALSE,FALSE,TRUE,TRUE
"Minus1_Control","PAX2",FALSE,TRUE,FALSE,FALSE,TRUE,FALSE
"Minus1_Control","PAX8",FALSE,TRUE,FALSE,FALSE,FALSE,FALSE
"Minus1_Control","PAX9",FALSE,FALSE,FALSE,FALSE,FALSE,FALSE
"Minus1_Control","PBX1",TRUE,FALSE,FALSE,FALSE,FALSE,FALSE
"Minus1_Control","PCSK9",TRUE,TRUE,FALSE,FALSE,TRUE,FALSE
"Minus1_Control","PDE10A",FALSE,FALSE,FALSE,FALSE,FALSE,FALSE
"Minus1_Control","PDE11A",FALSE,TRUE,FALSE,FALSE,TRUE,FALSE
"Minus1_Control","PDE8B",FALSE,TRUE,FALSE,FALSE,TRUE,FALSE
"Minus1_Control","PDYN",FALSE,FALSE,FALSE,FALSE,FALSE,FALSE
"Minus1_Control","PER2",TRUE,TRUE,FALSE,FALSE,TRUE,TRUE
"Minus1_Control","PER3",TRUE,TRUE,FALSE,FALSE,FALSE,FALSE
"Minus1_Control","PERP",FALSE,TRUE,FALSE,FALSE,TRUE,FALSE
"Minus1_Control","PIGT",FALSE,TRUE,FALSE,FALSE,TRUE,FALSE
"Minus1_Control","PIKFYVE",TRUE,TRUE,FALSE,FALSE,TRUE,FALSE
"Minus1_Control","PITPNM3",TRUE,FALSE,FALSE,FALSE,TRUE,FALSE
"Minus1_Control","PITX3",FALSE,FALSE,FALSE,FALSE,FALSE,FALSE
"Minus1_Control","PLA2G2A",FALSE,FALSE,FALSE,FALSE,FALSE,FALSE
"Minus1_Control","PLCD1",TRUE,TRUE,FALSE,FALSE,TRUE,FALSE
"Minus1_Control","PLG",TRUE,TRUE,FALSE,FALSE,FALSE,FALSE
"Minus1_Control","PNPT1",TRUE,TRUE,FALSE,FALSE,TRUE,FALSE
"Minus1_Control","POFUT1",TRUE,TRUE,FALSE,FALSE,FALSE,FALSE
"Minus1_Control","POGLUT1",TRUE,TRUE,FALSE,FALSE,TRUE,FALSE
"Minus1_Control","POLG2",TRUE,TRUE,FALSE,FALSE,TRUE,FALSE
"Minus1_Control","POLR3B",TRUE,TRUE,FALSE,FALSE,FALSE,FALSE
"Minus1_Control","POU4F1",TRUE,TRUE,FALSE,FALSE,TRUE,TRUE
"Minus1_Control","PPP1R12A",TRUE,TRUE,FALSE,FALSE,TRUE,FALSE
"Minus1_Control","PRDM16",TRUE,FALSE,FALSE,FALSE,FALSE,FALSE
"Minus1_Control","PROC",TRUE,TRUE,TRUE,FALSE,FALSE,FALSE
"Minus1_Control","PRODH",FALSE,TRUE,FALSE,FALSE,FALSE,FALSE
"Minus1_Control","PROK2",TRUE,TRUE,FALSE,FALSE,FALSE,FALSE
"Minus1_Control","PROM1",TRUE,FALSE,FALSE,FALSE,TRUE,FALSE
"Minus1_Control","PRRX1",TRUE,TRUE,FALSE,FALSE,FALSE,TRUE
"Minus1_Control","PSEN1",TRUE,TRUE,TRUE,FALSE,FALSE,FALSE
"Minus1_Control","PSMB10",TRUE,TRUE,FALSE,FALSE,TRUE,TRUE
"Minus1_Control","PTPN11",TRUE,FALSE,FALSE,FALSE,TRUE,FALSE
"Minus1_Control","QRICH1",FALSE,TRUE,FALSE,FALSE,TRUE,FALSE
"Minus1_Control","RAD54L",FALSE,FALSE,FALSE,FALSE,FALSE,FALSE
"Minus1_Control","RALA",FALSE,FALSE,FALSE,FALSE,FALSE,FALSE
"Minus1_Control","RANBP2",TRUE,TRUE,FALSE,FALSE,TRUE,FALSE
"Minus1_Control","RB1",TRUE,TRUE,TRUE,FALSE,TRUE,FALSE
"Minus1_Control","RDH5",FALSE,FALSE,FALSE,FALSE,FALSE,FALSE
"Minus1_Control","RERE",FALSE,TRUE,FALSE,FALSE,FALSE,FALSE
"Minus1_Control","RLBP1",TRUE,TRUE,FALSE,FALSE,TRUE,FALSE
"Minus1_Control","RNF170",FALSE,TRUE,FALSE,FALSE,FALSE,FALSE
"Minus1_Control","ROBO4",FALSE,FALSE,FALSE,FALSE,FALSE,FALSE
"Minus1_Control","RP9",FALSE,FALSE,FALSE,FALSE,FALSE,FALSE
"Minus1_Control","RPSA",FALSE,FALSE,FALSE,FALSE,FALSE,FALSE
"Minus1_Control","RYR2",FALSE,FALSE,FALSE,FALSE,TRUE,FALSE
"Minus1_Control","SASH1",FALSE,TRUE,FALSE,FALSE,TRUE,FALSE
"Minus1_Control","SCAF4",TRUE,FALSE,FALSE,FALSE,TRUE,TRUE
"Minus1_Control","SCN3A",TRUE,TRUE,FALSE,FALSE,TRUE,FALSE
"Minus1_Control","SCNN1A",TRUE,TRUE,TRUE,FALSE,TRUE,FALSE
"Minus1_Control","SERPINA6",FALSE,FALSE,FALSE,FALSE,FALSE,FALSE
"Minus1_Control","SERPIND1",TRUE,TRUE,FALSE,FALSE,FALSE,FALSE
"Minus1_Control","SETD1A",FALSE,TRUE,FALSE,FALSE,TRUE,TRUE
"Minus1_Control","SETX",TRUE,FALSE,FALSE,FALSE,TRUE,TRUE
"Minus1_Control","SF3B4",TRUE,FALSE,FALSE,FALSE,TRUE,FALSE
"Minus1_Control","SH3TC2",FALSE,TRUE,FALSE,FALSE,FALSE,FALSE
"Minus1_Control","SIK1",TRUE,FALSE,FALSE,FALSE,TRUE,TRUE
"Minus1_Control","SIN3A",FALSE,FALSE,FALSE,FALSE,TRUE,FALSE
"Minus1_Control","SKI",TRUE,FALSE,FALSE,FALSE,TRUE,FALSE
"Minus1_Control","SLC12A2",FALSE,TRUE,FALSE,FALSE,TRUE,FALSE
"Minus1_Control","SLC16A1",TRUE,FALSE,FALSE,FALSE,TRUE,FALSE
"Minus1_Control","SLC17A8",TRUE,TRUE,FALSE,FALSE,FALSE,FALSE
"Minus1_Control","SLC1A2",FALSE,FALSE,FALSE,FALSE,FALSE,FALSE
"Minus1_Control","SLC25A4",FALSE,FALSE,FALSE,FALSE,FALSE,FALSE
"Minus1_Control","SLC26A8",TRUE,FALSE,FALSE,FALSE,FALSE,FALSE
"Minus1_Control","SLC2A2",TRUE,TRUE,FALSE,FALSE,TRUE,FALSE
"Minus1_Control","SLC2A9",TRUE,TRUE,FALSE,FALSE,TRUE,FALSE
"Minus1_Control","SLC34A1",TRUE,FALSE,FALSE,FALSE,FALSE,FALSE
"Minus1_Control","SLC39A5",FALSE,FALSE,FALSE,FALSE,FALSE,FALSE
"Minus1_Control","SLC40A1",TRUE,TRUE,FALSE,FALSE,TRUE,FALSE
"Minus1_Control","SLC6A1",TRUE,TRUE,FALSE,FALSE,FALSE,FALSE
"Minus1_Control","SLC6A5",FALSE,TRUE,FALSE,FALSE,FALSE,FALSE
"Minus1_Control","SLC7A9",TRUE,FALSE,FALSE,FALSE,FALSE,FALSE
"Minus1_Control","SMARCC1",TRUE,FALSE,FALSE,FALSE,FALSE,FALSE
"Minus1_Control","SON",FALSE,FALSE,FALSE,FALSE,TRUE,TRUE
"Minus1_Control","SOS1",TRUE,FALSE,FALSE,FALSE,TRUE,FALSE
"Minus1_Control","SPEN",TRUE,TRUE,FALSE,FALSE,FALSE,FALSE
"Minus1_Control","SRRM2",TRUE,FALSE,FALSE,FALSE,TRUE,TRUE
"Minus1_Control","STAT5B",FALSE,FALSE,FALSE,FALSE,TRUE,TRUE
"Minus1_Control","STX1B",FALSE,TRUE,FALSE,FALSE,FALSE,TRUE
"Minus1_Control","SUZ12",TRUE,TRUE,FALSE,FALSE,TRUE,TRUE
"Minus1_Control","SYNE2",TRUE,TRUE,FALSE,FALSE,FALSE,FALSE
"Minus1_Control","SYT2",FALSE,TRUE,FALSE,FALSE,TRUE,FALSE
"Minus1_Control","TBK1",TRUE,FALSE,FALSE,TRUE,TRUE,FALSE
"Minus1_Control","TCF3",TRUE,TRUE,FALSE,FALSE,TRUE,TRUE
"Minus1_Control","TCF7L2",TRUE,FALSE,FALSE,FALSE,TRUE,TRUE
"Minus1_Control","TFAP2B",TRUE,TRUE,FALSE,FALSE,FALSE,TRUE
"Minus1_Control","TGFB1",TRUE,TRUE,FALSE,FALSE,TRUE,FALSE
"Minus1_Control","TGM6",FALSE,TRUE,FALSE,FALSE,FALSE,FALSE
"Minus1_Control","TINF2",FALSE,FALSE,FALSE,FALSE,FALSE,TRUE
"Minus1_Control","TMEM43",FALSE,TRUE,FALSE,FALSE,FALSE,TRUE
"Minus1_Control","TNNI3",TRUE,TRUE,FALSE,FALSE,TRUE,FALSE
"Minus1_Control","TNPO3",TRUE,FALSE,FALSE,FALSE,FALSE,FALSE
"Minus1_Control","TRIM71",FALSE,FALSE,FALSE,FALSE,FALSE,FALSE
"Minus1_Control","TRIO",TRUE,TRUE,FALSE,FALSE,TRUE,FALSE
"Minus1_Control","TRPV4",TRUE,FALSE,FALSE,FALSE,TRUE,FALSE
"Minus1_Control","TTC21B",FALSE,TRUE,FALSE,FALSE,TRUE,FALSE
"Minus1_Control","TUBA3D",TRUE,TRUE,FALSE,FALSE,TRUE,FALSE
"Minus1_Control","UBAP1",TRUE,FALSE,FALSE,FALSE,TRUE,FALSE
"Minus1_Control","VANGL1",FALSE,FALSE,FALSE,FALSE,FALSE,FALSE
"Minus1_Control","VEGFC",TRUE,FALSE,FALSE,FALSE,FALSE,FALSE
"Minus1_Control","VPS16",FALSE,TRUE,FALSE,FALSE,TRUE,FALSE
"Minus1_Control","WBP11",TRUE,FALSE,FALSE,FALSE,TRUE,TRUE
"Minus1_Control","WDFY3",TRUE,TRUE,FALSE,FALSE,TRUE,TRUE
"Minus1_Control","WDR11",FALSE,FALSE,FALSE,FALSE,TRUE,TRUE
"Minus1_Control","WNK4",TRUE,FALSE,FALSE,FALSE,FALSE,FALSE
"Minus1_Control","WT1",FALSE,FALSE,FALSE,FALSE,FALSE,FALSE
"Minus1_Control","ZFHX3",TRUE,TRUE,FALSE,FALSE,TRUE,TRUE
"Minus1_Control","ZMYM2",TRUE,TRUE,FALSE,FALSE,TRUE,TRUE
"Minus1_Control","ZNF408",TRUE,TRUE,FALSE,FALSE,TRUE,TRUE
"Minus1_Control","ZNF462",TRUE,TRUE,FALSE,FALSE,TRUE,FALSE
"Minus1_Control","ZP3",TRUE,FALSE,FALSE,FALSE,FALSE,FALSE
"Nonsense","ACTL6B",FALSE,FALSE,FALSE,FALSE,FALSE,FALSE
"Nonsense","ACTN2",FALSE,FALSE,FALSE,FALSE,FALSE,FALSE
"Nonsense","ACVRL1",TRUE,TRUE,FALSE,FALSE,FALSE,FALSE
"Nonsense","AIRE",TRUE,FALSE,FALSE,FALSE,FALSE,FALSE
"Nonsense","ANK1",TRUE,FALSE,FALSE,FALSE,FALSE,FALSE
"Nonsense","ATP1A2",FALSE,TRUE,FALSE,FALSE,FALSE,FALSE
"Nonsense","BARD1",TRUE,TRUE,FALSE,FALSE,TRUE,TRUE
"Nonsense","BMPR1A",FALSE,TRUE,FALSE,FALSE,TRUE,FALSE
"Nonsense","BRIP1",TRUE,FALSE,TRUE,FALSE,TRUE,TRUE
"Nonsense","C3",TRUE,TRUE,FALSE,FALSE,FALSE,FALSE
"Nonsense","CCND2",TRUE,TRUE,FALSE,FALSE,TRUE,FALSE
"Nonsense","CFH",TRUE,TRUE,FALSE,FALSE,TRUE,FALSE
"Nonsense","CFTR",TRUE,TRUE,TRUE,FALSE,TRUE,FALSE
"Nonsense","CHD5",FALSE,FALSE,FALSE,FALSE,FALSE,FALSE
"Nonsense","COL12A1",TRUE,FALSE,FALSE,FALSE,TRUE,FALSE
"Nonsense","COL1A2",TRUE,TRUE,FALSE,FALSE,FALSE,FALSE
"Nonsense","COL2A1",TRUE,TRUE,FALSE,FALSE,FALSE,FALSE
"Nonsense","COL3A1",TRUE,TRUE,FALSE,FALSE,FALSE,FALSE
"Nonsense","COL5A1",TRUE,TRUE,FALSE,FALSE,FALSE,FALSE
"Nonsense","DAGLA",TRUE,FALSE,FALSE,FALSE,TRUE,FALSE
"Nonsense","DNMT3A",TRUE,FALSE,FALSE,FALSE,TRUE,FALSE
"Nonsense","DSC2",TRUE,TRUE,FALSE,FALSE,TRUE,FALSE
"Nonsense","DSG2",TRUE,FALSE,FALSE,FALSE,TRUE,FALSE
"Nonsense","EDAR",TRUE,FALSE,FALSE,FALSE,TRUE,FALSE
"Nonsense","ELANE",TRUE,TRUE,FALSE,FALSE,FALSE,FALSE
"Nonsense","EVC2",FALSE,FALSE,FALSE,FALSE,TRUE,TRUE
"Nonsense","EZH2",TRUE,TRUE,FALSE,FALSE,TRUE,FALSE
"Nonsense","F2",TRUE,TRUE,FALSE,FALSE,TRUE,FALSE
"Nonsense","FBN1",TRUE,FALSE,FALSE,FALSE,TRUE,FALSE
"Nonsense","FH",TRUE,TRUE,FALSE,FALSE,TRUE,FALSE
"Nonsense","FLCN",TRUE,TRUE,FALSE,FALSE,TRUE,FALSE
"Nonsense","FLNC",TRUE,TRUE,FALSE,FALSE,TRUE,FALSE
"Nonsense","GABRG2",TRUE,TRUE,FALSE,FALSE,TRUE,FALSE
"Nonsense","GCK",FALSE,FALSE,FALSE,FALSE,FALSE,FALSE
"Nonsense","GLMN",TRUE,TRUE,FALSE,FALSE,TRUE,FALSE
"Nonsense","HCK",TRUE,TRUE,TRUE,FALSE,TRUE,FALSE
"Nonsense","IRF6",FALSE,TRUE,FALSE,FALSE,TRUE,TRUE
"Nonsense","KAT6B",TRUE,FALSE,FALSE,FALSE,TRUE,TRUE
"Nonsense","KCNQ2",TRUE,TRUE,FALSE,FALSE,TRUE,FALSE
"Nonsense","KIDINS220",TRUE,FALSE,FALSE,FALSE,TRUE,FALSE
"Nonsense","KRIT1",FALSE,FALSE,FALSE,FALSE,FALSE,FALSE
"Nonsense","LRP5",TRUE,FALSE,FALSE,FALSE,TRUE,FALSE
"Nonsense","LRSAM1",TRUE,FALSE,FALSE,FALSE,FALSE,FALSE
"Nonsense","MFN2",TRUE,TRUE,FALSE,FALSE,TRUE,FALSE
"Nonsense","MLH1",TRUE,TRUE,FALSE,FALSE,TRUE,FALSE
"Nonsense","MN1",TRUE,FALSE,FALSE,FALSE,FALSE,FALSE
"Nonsense","MPZ",TRUE,TRUE,FALSE,FALSE,TRUE,FALSE
"Nonsense","MSH2",FALSE,FALSE,FALSE,FALSE,FALSE,FALSE
"Nonsense","MTHFR",TRUE,FALSE,FALSE,FALSE,FALSE,FALSE
"Nonsense","MVK",TRUE,TRUE,FALSE,FALSE,TRUE,FALSE
"Nonsense","MYH7",TRUE,TRUE,FALSE,FALSE,TRUE,FALSE
"Nonsense","MYH9",TRUE,TRUE,FALSE,FALSE,TRUE,FALSE
"Nonsense","MYO7A",TRUE,TRUE,FALSE,FALSE,FALSE,FALSE
"Nonsense","NAGLU",TRUE,TRUE,FALSE,FALSE,TRUE,FALSE
"Nonsense","NOTCH2",TRUE,TRUE,FALSE,FALSE,TRUE,TRUE
"Nonsense","NOTCH3",TRUE,TRUE,FALSE,FALSE,TRUE,TRUE
"Nonsense","NR3C2",TRUE,TRUE,FALSE,FALSE,TRUE,FALSE
"Nonsense","ODC1",TRUE,FALSE,FALSE,FALSE,FALSE,FALSE
"Nonsense","PKD1",TRUE,FALSE,FALSE,FALSE,TRUE,FALSE
"Nonsense","POGZ",TRUE,TRUE,FALSE,FALSE,TRUE,TRUE
"Nonsense","POLG",TRUE,FALSE,FALSE,FALSE,TRUE,FALSE
"Nonsense","PPM1D",TRUE,FALSE,FALSE,FALSE,TRUE,TRUE
"Nonsense","PPOX",FALSE,FALSE,FALSE,FALSE,FALSE,FALSE
"Nonsense","PRPF8",TRUE,TRUE,FALSE,FALSE,TRUE,FALSE
"Nonsense","RASA1",TRUE,TRUE,FALSE,FALSE,FALSE,FALSE
"Nonsense","RDH12",FALSE,FALSE,FALSE,FALSE,FALSE,FALSE
"Nonsense","RHO",TRUE,TRUE,FALSE,FALSE,TRUE,FALSE
"Nonsense","SCN5A",TRUE,TRUE,TRUE,FALSE,TRUE,FALSE
"Nonsense","SCNN1G",TRUE,TRUE,TRUE,FALSE,TRUE,FALSE
"Nonsense","SERPINC1",TRUE,TRUE,FALSE,FALSE,FALSE,FALSE
"Nonsense","SERPING1",TRUE,TRUE,FALSE,FALSE,TRUE,FALSE
"Nonsense","SLC12A6",TRUE,TRUE,FALSE,FALSE,TRUE,FALSE
"Nonsense","SLC2A1",TRUE,TRUE,FALSE,FALSE,TRUE,FALSE
"Nonsense","SLC3A1",TRUE,FALSE,FALSE,FALSE,FALSE,FALSE
"Nonsense","SLC4A1",TRUE,FALSE,FALSE,FALSE,TRUE,FALSE
"Nonsense","SLCO2A1",FALSE,TRUE,FALSE,FALSE,FALSE,FALSE
"Nonsense","SMARCD1",TRUE,FALSE,FALSE,FALSE,TRUE,FALSE
"Nonsense","SPR",FALSE,FALSE,FALSE,FALSE,FALSE,FALSE
"Nonsense","STXBP1",FALSE,FALSE,FALSE,FALSE,FALSE,FALSE
"Nonsense","TBX5",TRUE,FALSE,FALSE,FALSE,TRUE,TRUE
"Nonsense","TCF12",TRUE,FALSE,FALSE,FALSE,TRUE,TRUE
"Nonsense","TEK",TRUE,TRUE,FALSE,FALSE,TRUE,FALSE
"Nonsense","TGFBR2",TRUE,TRUE,FALSE,FALSE,TRUE,FALSE
"Nonsense","TLK2",TRUE,TRUE,FALSE,FALSE,TRUE,FALSE
"Nonsense","TP63",TRUE,TRUE,FALSE,FALSE,TRUE,TRUE
"Nonsense","VHL",TRUE,TRUE,FALSE,FALSE,TRUE,FALSE
"Nonsense","WAC",TRUE,FALSE,FALSE,FALSE,TRUE,FALSE
"Nonsense","ZIC1",TRUE,TRUE,FALSE,FALSE,FALSE,FALSE
"Nonsense_Control","A2ML1",TRUE,TRUE,FALSE,FALSE,FALSE,FALSE
"Nonsense_Control","AAGAB",TRUE,FALSE,FALSE,FALSE,TRUE,FALSE
"Nonsense_Control","ABCA1",TRUE,FALSE,FALSE,FALSE,TRUE,FALSE
"Nonsense_Control","ABL1",TRUE,TRUE,FALSE,FALSE,TRUE,TRUE
"Nonsense_Control","ACO2",TRUE,FALSE,FALSE,FALSE,TRUE,FALSE
"Nonsense_Control","ACOX1",TRUE,TRUE,FALSE,FALSE,TRUE,FALSE
"Nonsense_Control","ACTA1",TRUE,TRUE,FALSE,FALSE,TRUE,FALSE
"Nonsense_Control","ADAM10",TRUE,FALSE,FALSE,FALSE,TRUE,FALSE
"Nonsense_Control","ADCY10",FALSE,FALSE,FALSE,FALSE,FALSE,FALSE
"Nonsense_Control","AFG3L2",TRUE,TRUE,FALSE,FALSE,TRUE,FALSE
"Nonsense_Control","AFP",FALSE,TRUE,FALSE,FALSE,FALSE,FALSE
"Nonsense_Control","AKAP9",TRUE,FALSE,FALSE,FALSE,TRUE,FALSE
"Nonsense_Control","ALB",TRUE,TRUE,FALSE,FALSE,TRUE,FALSE
"Nonsense_Control","ALG5",FALSE,FALSE,FALSE,FALSE,FALSE,FALSE
"Nonsense_Control","ANK2",FALSE,FALSE,FALSE,FALSE,TRUE,FALSE
"Nonsense_Control","ANO1",TRUE,TRUE,FALSE,FALSE,TRUE,FALSE
"Nonsense_Control","ARFGEF1",FALSE,FALSE,FALSE,FALSE,FALSE,TRUE
"Nonsense_Control","ASB10",FALSE,TRUE,FALSE,FALSE,TRUE,FALSE
"Nonsense_Control","ATL1",TRUE,FALSE,FALSE,FALSE,FALSE,FALSE
"Nonsense_Control","ATL3",TRUE,FALSE,FALSE,FALSE,TRUE,FALSE
"Nonsense_Control","ATP2A2",FALSE,FALSE,FALSE,FALSE,FALSE,FALSE
"Nonsense_Control","ATR",FALSE,TRUE,FALSE,FALSE,TRUE,TRUE
"Nonsense_Control","AUTS2",TRUE,TRUE,FALSE,FALSE,TRUE,TRUE
"Nonsense_Control","BEST1",FALSE,FALSE,FALSE,FALSE,FALSE,FALSE
"Nonsense_Control","BFSP1",TRUE,FALSE,FALSE,FALSE,TRUE,FALSE
"Nonsense_Control","BFSP2",TRUE,TRUE,FALSE,FALSE,FALSE,FALSE
"Nonsense_Control","BICC1",TRUE,TRUE,FALSE,FALSE,TRUE,FALSE
"Nonsense_Control","BICD2",TRUE,TRUE,FALSE,FALSE,TRUE,TRUE
"Nonsense_Control","BLVRA",FALSE,FALSE,FALSE,FALSE,FALSE,FALSE
"Nonsense_Control","BMPR1B",TRUE,TRUE,FALSE,FALSE,TRUE,FALSE
"Nonsense_Control","BMPR2",TRUE,FALSE,TRUE,FALSE,TRUE,FALSE
"Nonsense_Control","BRPF1",TRUE,TRUE,FALSE,FALSE,TRUE,TRUE
"Nonsense_Control","BUB1B",TRUE,FALSE,FALSE,FALSE,TRUE,FALSE
"Nonsense_Control","C5",TRUE,TRUE,FALSE,FALSE,FALSE,FALSE
"Nonsense_Control","C9",TRUE,FALSE,FALSE,FALSE,FALSE,FALSE
"Nonsense_Control","CACNA1C",TRUE,TRUE,FALSE,FALSE,TRUE,FALSE
"Nonsense_Control","CACNA1D",TRUE,TRUE,FALSE,FALSE,TRUE,FALSE
"Nonsense_Control","CACNA1E",TRUE,FALSE,FALSE,FALSE,TRUE,FALSE
"Nonsense_Control","CACNA1H",TRUE,FALSE,FALSE,FALSE,TRUE,FALSE
"Nonsense_Control","CACNA1S",TRUE,FALSE,FALSE,FALSE,FALSE,FALSE
"Nonsense_Control","CAMK2B",FALSE,TRUE,FALSE,FALSE,FALSE,FALSE
"Nonsense_Control","CAPRIN1",TRUE,TRUE,FALSE,FALSE,TRUE,FALSE
"Nonsense_Control","CARD11",FALSE,FALSE,FALSE,FALSE,FALSE,FALSE
"Nonsense_Control","CASP10",FALSE,TRUE,FALSE,FALSE,FALSE,FALSE
"Nonsense_Control","CBL",TRUE,TRUE,FALSE,FALSE,TRUE,FALSE
"Nonsense_Control","CD46",FALSE,FALSE,FALSE,FALSE,TRUE,FALSE
"Nonsense_Control","CDC42BPB",TRUE,FALSE,FALSE,FALSE,TRUE,FALSE
"Nonsense_Control","CDC73",TRUE,TRUE,FALSE,FALSE,TRUE,FALSE
"Nonsense_Control","CDK13",TRUE,FALSE,FALSE,FALSE,TRUE,TRUE
"Nonsense_Control","CDK8",TRUE,FALSE,FALSE,FALSE,TRUE,TRUE
"Nonsense_Control","CDON",TRUE,FALSE,FALSE,FALSE,FALSE,FALSE
"Nonsense_Control","CEACAM16",FALSE,TRUE,FALSE,FALSE,FALSE,FALSE
"Nonsense_Control","CEBPE",TRUE,TRUE,FALSE,FALSE,TRUE,TRUE
"Nonsense_Control","CEP85L",FALSE,FALSE,FALSE,FALSE,TRUE,FALSE
"Nonsense_Control","CETP",TRUE,TRUE,FALSE,FALSE,FALSE,FALSE
"Nonsense_Control","CHD3",TRUE,FALSE,FALSE,FALSE,FALSE,TRUE
"Nonsense_Control","CHRNA1",FALSE,TRUE,FALSE,FALSE,FALSE,FALSE
"Nonsense_Control","CHRNA4",TRUE,TRUE,FALSE,FALSE,FALSE,FALSE
"Nonsense_Control","CHRNB1",FALSE,TRUE,FALSE,FALSE,FALSE,FALSE
"Nonsense_Control","CLCN2",TRUE,FALSE,FALSE,FALSE,TRUE,FALSE
"Nonsense_Control","CLCN7",TRUE,TRUE,FALSE,FALSE,TRUE,FALSE
"Nonsense_Control","CNOT1",TRUE,TRUE,FALSE,FALSE,TRUE,FALSE
"Nonsense_Control","COCH",FALSE,TRUE,FALSE,FALSE,FALSE,FALSE
"Nonsense_Control","COL6A3",TRUE,TRUE,FALSE,FALSE,FALSE,FALSE
"Nonsense_Control","COL9A1",TRUE,TRUE,FALSE,FALSE,FALSE,FALSE
"Nonsense_Control","COL9A2",TRUE,TRUE,FALSE,FALSE,FALSE,FALSE
"Nonsense_Control","CPA6",TRUE,TRUE,FALSE,FALSE,TRUE,FALSE
"Nonsense_Control","CPSF1",TRUE,FALSE,FALSE,FALSE,TRUE,FALSE
"Nonsense_Control","CREB3L3",TRUE,FALSE,FALSE,FALSE,FALSE,FALSE
"Nonsense_Control","CSNK2A1",TRUE,FALSE,FALSE,FALSE,TRUE,FALSE
"Nonsense_Control","CSNK2B",FALSE,FALSE,FALSE,FALSE,FALSE,FALSE
"Nonsense_Control","CTNNA1",TRUE,TRUE,FALSE,FALSE,TRUE,FALSE
"Nonsense_Control","CTNNB1",TRUE,FALSE,TRUE,FALSE,TRUE,FALSE
"Nonsense_Control","CUL3",TRUE,TRUE,FALSE,FALSE,TRUE,TRUE
"Nonsense_Control","CUX1",TRUE,TRUE,TRUE,FALSE,TRUE,TRUE
"Nonsense_Control","CYP19A1",TRUE,TRUE,FALSE,FALSE,TRUE,FALSE
"Nonsense_Control","DCC",TRUE,TRUE,FALSE,FALSE,TRUE,FALSE
"Nonsense_Control","DEAF1",TRUE,TRUE,FALSE,FALSE,FALSE,FALSE
"Nonsense_Control","DHTKD1",TRUE,TRUE,FALSE,FALSE,TRUE,FALSE
"Nonsense_Control","DHX30",FALSE,TRUE,FALSE,FALSE,TRUE,FALSE
"Nonsense_Control","DICER1",TRUE,TRUE,FALSE,FALSE,TRUE,FALSE
"Nonsense_Control","DLL4",FALSE,FALSE,FALSE,FALSE,FALSE,FALSE
"Nonsense_Control","DNAJB11",FALSE,TRUE,FALSE,FALSE,TRUE,FALSE
"Nonsense_Control","DNASE1",FALSE,FALSE,FALSE,FALSE,FALSE,FALSE
"Nonsense_Control","DNM1",TRUE,FALSE,FALSE,FALSE,TRUE,FALSE
"Nonsense_Control","DSTYK",FALSE,TRUE,FALSE,FALSE,TRUE,FALSE
"Nonsense_Control","DUSP6",TRUE,TRUE,FALSE,FALSE,TRUE,FALSE
"Nonsense_Control","DZIP1",TRUE,FALSE,FALSE,FALSE,FALSE,FALSE
"Nonsense_Control","EDN1",TRUE,FALSE,FALSE,FALSE,TRUE,FALSE
"Nonsense_Control","EDN3",TRUE,FALSE,FALSE,FALSE,FALSE,FALSE
"Nonsense_Control","EFTUD2",TRUE,FALSE,FALSE,FALSE,TRUE,TRUE
"Nonsense_Control","EGFR",TRUE,FALSE,TRUE,FALSE,TRUE,FALSE
"Nonsense_Control","EMILIN1",TRUE,TRUE,FALSE,FALSE,TRUE,FALSE
"Nonsense_Control","EPHA2",TRUE,TRUE,FALSE,FALSE,TRUE,FALSE
"Nonsense_Control","ERBB3",TRUE,FALSE,TRUE,FALSE,TRUE,FALSE
"Nonsense_Control","ESR1",TRUE,TRUE,FALSE,FALSE,TRUE,TRUE
"Nonsense_Control","EVC",TRUE,FALSE,FALSE,FALSE,FALSE,FALSE
"Nonsense_Control","EXT2",TRUE,TRUE,FALSE,FALSE,TRUE,FALSE
"Nonsense_Control","F12",TRUE,TRUE,FALSE,FALSE,FALSE,FALSE
"Nonsense_Control","F5",TRUE,TRUE,FALSE,FALSE,TRUE,FALSE
"Nonsense_Control","FAR1",FALSE,FALSE,FALSE,FALSE,FALSE,FALSE
"Nonsense_Control","FASLG",TRUE,TRUE,TRUE,FALSE,TRUE,FALSE
"Nonsense_Control","FGF23",TRUE,TRUE,FALSE,FALSE,TRUE,FALSE
"Nonsense_Control","FGF8",TRUE,TRUE,FALSE,FALSE,TRUE,FALSE
"Nonsense_Control","FGFR2",TRUE,TRUE,FALSE,FALSE,TRUE,FALSE
"Nonsense_Control","FIG4",FALSE,FALSE,FALSE,FALSE,FALSE,FALSE
"Nonsense_Control","FLNB",TRUE,TRUE,FALSE,FALSE,TRUE,FALSE
"Nonsense_Control","GABRA1",TRUE,TRUE,FALSE,FALSE,TRUE,FALSE
"Nonsense_Control","GABRB3",TRUE,TRUE,FALSE,FALSE,TRUE,FALSE
"Nonsense_Control","GANAB",FALSE,FALSE,FALSE,FALSE,TRUE,FALSE
"Nonsense_Control","GATA6",TRUE,FALSE,FALSE,FALSE,TRUE,FALSE
"Nonsense_Control","GATAD2B",FALSE,FALSE,FALSE,FALSE,TRUE,FALSE
"Nonsense_Control","GBF1",TRUE,FALSE,FALSE,FALSE,TRUE,FALSE
"Nonsense_Control","GDF6",TRUE,TRUE,FALSE,FALSE,TRUE,FALSE
"Nonsense_Control","GH1",TRUE,TRUE,FALSE,FALSE,TRUE,FALSE
"Nonsense_Control","GHR",TRUE,TRUE,FALSE,FALSE,TRUE,FALSE
"Nonsense_Control","GHSR",TRUE,TRUE,FALSE,FALSE,FALSE,FALSE
"Nonsense_Control","GMNN",TRUE,TRUE,FALSE,TRUE,TRUE,TRUE
"Nonsense_Control","GNAL",FALSE,FALSE,FALSE,FALSE,FALSE,FALSE
"Nonsense_Control","GNB1",FALSE,FALSE,FALSE,FALSE,FALSE,FALSE
"Nonsense_Control","GRHL3",FALSE,FALSE,FALSE,FALSE,TRUE,FALSE
"Nonsense_Control","GRIA1",TRUE,FALSE,FALSE,FALSE,TRUE,FALSE
"Nonsense_Control","GRIA2",TRUE,TRUE,FALSE,FALSE,TRUE,FALSE
"Nonsense_Control","GRIN1",TRUE,FALSE,TRUE,FALSE,TRUE,FALSE
"Nonsense_Control","GRN",FALSE,TRUE,FALSE,FALSE,FALSE,FALSE
"Nonsense_Control","GUCY2C",FALSE,TRUE,FALSE,FALSE,TRUE,FALSE
"Nonsense_Control","HCN1",TRUE,TRUE,FALSE,FALSE,TRUE,FALSE
"Nonsense_Control","HEPACAM",TRUE,FALSE,FALSE,FALSE,TRUE,FALSE
"Nonsense_Control","HESX1",TRUE,TRUE,FALSE,FALSE,FALSE,FALSE
"Nonsense_Control","HMGA2",TRUE,TRUE,FALSE,FALSE,TRUE,FALSE
"Nonsense_Control","HNRNPH1",TRUE,FALSE,FALSE,FALSE,FALSE,FALSE
"Nonsense_Control","HNRNPK",TRUE,TRUE,FALSE,FALSE,TRUE,FALSE
"Nonsense_Control","HSF4",FALSE,FALSE,FALSE,FALSE,TRUE,TRUE
"Nonsense_Control","HSPA9",TRUE,TRUE,FALSE,FALSE,TRUE,FALSE
"Nonsense_Control","HTRA1",TRUE,TRUE,FALSE,FALSE,TRUE,FALSE
"Nonsense_Control","HTT",TRUE,FALSE,FALSE,FALSE,FALSE,TRUE
"Nonsense_Control","IFITM5",TRUE,TRUE,FALSE,FALSE,FALSE,FALSE
"Nonsense_Control","IFNGR1",TRUE,TRUE,FALSE,FALSE,TRUE,FALSE
"Nonsense_Control","IKBKB",TRUE,TRUE,TRUE,FALSE,TRUE,FALSE
"Nonsense_Control","IKZF1",TRUE,TRUE,FALSE,FALSE,TRUE,TRUE
"Nonsense_Control","IL17RD",TRUE,FALSE,FALSE,FALSE,TRUE,FALSE
"Nonsense_Control","IMPG1",FALSE,FALSE,FALSE,FALSE,FALSE,FALSE
"Nonsense_Control","IMPG2",FALSE,FALSE,FALSE,FALSE,FALSE,FALSE
"Nonsense_Control","INSR",TRUE,TRUE,TRUE,FALSE,TRUE,FALSE
"Nonsense_Control","ITGA2B",TRUE,TRUE,FALSE,FALSE,FALSE,FALSE
"Nonsense_Control","ITGB3",TRUE,TRUE,TRUE,FALSE,TRUE,FALSE
"Nonsense_Control","JARID2",TRUE,TRUE,FALSE,FALSE,TRUE,TRUE
"Nonsense_Control","JPH1",TRUE,FALSE,FALSE,FALSE,TRUE,FALSE
"Nonsense_Control","JUP",TRUE,FALSE,FALSE,FALSE,TRUE,FALSE
"Nonsense_Control","KCNC3",TRUE,FALSE,FALSE,FALSE,TRUE,FALSE
"Nonsense_Control","KCNMA1",TRUE,FALSE,FALSE,FALSE,TRUE,FALSE
"Nonsense_Control","KCNQ3",TRUE,TRUE,FALSE,FALSE,TRUE,FALSE
"Nonsense_Control","KCNQ4",TRUE,TRUE,FALSE,FALSE,TRUE,FALSE
"Nonsense_Control","KCNT2",TRUE,FALSE,FALSE,FALSE,FALSE,FALSE
"Nonsense_Control","KDM1A",TRUE,TRUE,FALSE,FALSE,TRUE,FALSE
"Nonsense_Control","KIF11",TRUE,TRUE,FALSE,FALSE,TRUE,FALSE
"Nonsense_Control","KIF21A",TRUE,TRUE,FALSE,FALSE,TRUE,FALSE
"Nonsense_Control","KIF2A",FALSE,FALSE,FALSE,FALSE,FALSE,FALSE
"Nonsense_Control","KIF5A",TRUE,FALSE,FALSE,FALSE,FALSE,FALSE
"Nonsense_Control","KLHL24",FALSE,TRUE,FALSE,FALSE,TRUE,FALSE
"Nonsense_Control","KLHL7",TRUE,TRUE,FALSE,FALSE,TRUE,TRUE
"Nonsense_Control","KRT14",TRUE,TRUE,FALSE,FALSE,TRUE,FALSE
"Nonsense_Control","KRT6A",TRUE,TRUE,FALSE,FALSE,TRUE,FALSE
"Nonsense_Control","KRT81",TRUE,TRUE,FALSE,FALSE,FALSE,FALSE
"Nonsense_Control","LDB3",FALSE,TRUE,FALSE,FALSE,TRUE,FALSE
"Nonsense_Control","LIPC",FALSE,TRUE,FALSE,FALSE,TRUE,FALSE
"Nonsense_Control","LMBR1",FALSE,TRUE,FALSE,FALSE,TRUE,FALSE
"Nonsense_Control","LMNA",TRUE,FALSE,FALSE,FALSE,TRUE,FALSE
"Nonsense_Control","LPA",TRUE,TRUE,FALSE,FALSE,TRUE,FALSE
"Nonsense_Control","LPP",TRUE,TRUE,FALSE,FALSE,TRUE,FALSE
"Nonsense_Control","LRP4",TRUE,FALSE,FALSE,FALSE,TRUE,FALSE
"Nonsense_Control","LRP6",TRUE,FALSE,TRUE,FALSE,TRUE,FALSE
"Nonsense_Control","LRRK2",TRUE,FALSE,FALSE,FALSE,TRUE,FALSE
"Nonsense_Control","MAP3K1",FALSE,TRUE,FALSE,FALSE,TRUE,FALSE
"Nonsense_Control","MAPRE2",TRUE,TRUE,FALSE,FALSE,TRUE,FALSE
"Nonsense_Control","MAST1",TRUE,FALSE,FALSE,FALSE,TRUE,FALSE
"Nonsense_Control","MCOLN1",TRUE,FALSE,TRUE,FALSE,TRUE,FALSE
"Nonsense_Control","MEIS2",TRUE,FALSE,FALSE,FALSE,FALSE,FALSE
"Nonsense_Control","MIB1",TRUE,TRUE,FALSE,FALSE,TRUE,FALSE
"Nonsense_Control","MMP13",TRUE,TRUE,FALSE,FALSE,FALSE,FALSE
"Nonsense_Control","MPO",TRUE,TRUE,FALSE,FALSE,TRUE,FALSE
"Nonsense_Control","MSTO1",TRUE,FALSE,FALSE,FALSE,TRUE,FALSE
"Nonsense_Control","MTMR14",TRUE,FALSE,FALSE,FALSE,TRUE,FALSE
"Nonsense_Control","MYH11",TRUE,TRUE,FALSE,FALSE,TRUE,FALSE
"Nonsense_Control","MYH2",TRUE,TRUE,FALSE,FALSE,TRUE,FALSE
"Nonsense_Control","MYOCD",TRUE,FALSE,FALSE,FALSE,FALSE,TRUE
"Nonsense_Control","MYPN",TRUE,TRUE,FALSE,FALSE,TRUE,FALSE
"Nonsense_Control","NCSTN",TRUE,FALSE,FALSE,FALSE,TRUE,FALSE
"Nonsense_Control","NEDD4L",TRUE,TRUE,FALSE,FALSE,FALSE,FALSE
"Nonsense_Control","NEFH",TRUE,TRUE,FALSE,FALSE,TRUE,FALSE
"Nonsense_Control","NEXN",TRUE,TRUE,FALSE,FALSE,TRUE,FALSE
"Nonsense_Control","NF2",TRUE,TRUE,FALSE,FALSE,TRUE,TRUE
"Nonsense_Control","NFIB",FALSE,FALSE,FALSE,FALSE,FALSE,FALSE
"Nonsense_Control","NFKB1",TRUE,FALSE,TRUE,FALSE,TRUE,TRUE
"Nonsense_Control","NLRC4",FALSE,FALSE,FALSE,FALSE,FALSE,FALSE
"Nonsense_Control","NLRP12",FALSE,TRUE,FALSE,FALSE,TRUE,FALSE
"Nonsense_Control","NODAL",TRUE,TRUE,FALSE,FALSE,FALSE,FALSE
"Nonsense_Control","NPR2",FALSE,TRUE,FALSE,FALSE,FALSE,FALSE
"Nonsense_Control","NPRL2",FALSE,FALSE,FALSE,FALSE,FALSE,FALSE
"Nonsense_Control","NR0B2",FALSE,TRUE,FALSE,FALSE,TRUE,FALSE
"Nonsense_Control","NRAS",FALSE,FALSE,FALSE,FALSE,FALSE,FALSE
"Nonsense_Control","NSMF",FALSE,FALSE,FALSE,FALSE,TRUE,FALSE
"Nonsense_Control","OPLAH",TRUE,TRUE,FALSE,FALSE,TRUE,FALSE
"Nonsense_Control","OPTN",TRUE,FALSE,FALSE,FALSE,TRUE,FALSE
"Nonsense_Control","PACS1",FALSE,TRUE,FALSE,FALSE,FALSE,FALSE
"Nonsense_Control","PARN",TRUE,FALSE,FALSE,FALSE,TRUE,TRUE
"Nonsense_Control","PAX2",FALSE,TRUE,FALSE,FALSE,TRUE,FALSE
"Nonsense_Control","PAX3",FALSE,FALSE,FALSE,FALSE,TRUE,FALSE
"Nonsense_Control","PAX8",FALSE,TRUE,FALSE,FALSE,FALSE,FALSE
"Nonsense_Control","PAX9",FALSE,FALSE,FALSE,FALSE,FALSE,FALSE
"Nonsense_Control","PBX1",TRUE,FALSE,FALSE,FALSE,FALSE,FALSE
"Nonsense_Control","PDE10A",FALSE,FALSE,FALSE,FALSE,FALSE,FALSE
"Nonsense_Control","PDE11A",FALSE,TRUE,FALSE,FALSE,TRUE,FALSE
"Nonsense_Control","PDE6H",TRUE,TRUE,FALSE,FALSE,FALSE,FALSE
"Nonsense_Control","PDE8B",FALSE,TRUE,FALSE,FALSE,TRUE,FALSE
"Nonsense_Control","PIEZO1",TRUE,TRUE,FALSE,FALSE,TRUE,FALSE
"Nonsense_Control","PIGT",FALSE,TRUE,FALSE,FALSE,TRUE,FALSE
"Nonsense_Control","PIK3R2",TRUE,TRUE,FALSE,FALSE,TRUE,FALSE
"Nonsense_Control","PIKFYVE",TRUE,TRUE,FALSE,FALSE,TRUE,FALSE
"Nonsense_Control","PITPNM3",TRUE,TRUE,FALSE,FALSE,TRUE,FALSE
"Nonsense_Control","PLCD1",FALSE,TRUE,FALSE,FALSE,TRUE,FALSE
"Nonsense_Control","PLG",TRUE,TRUE,FALSE,FALSE,FALSE,FALSE
"Nonsense_Control","PLIN1",TRUE,TRUE,FALSE,FALSE,TRUE,FALSE
"Nonsense_Control","PNPT1",TRUE,TRUE,FALSE,FALSE,TRUE,FALSE
"Nonsense_Control","POFUT1",TRUE,TRUE,FALSE,FALSE,TRUE,FALSE
"Nonsense_Control","POLD1",TRUE,TRUE,FALSE,FALSE,TRUE,TRUE
"Nonsense_Control","POLE",TRUE,FALSE,FALSE,FALSE,FALSE,TRUE
"Nonsense_Control","POLG2",TRUE,TRUE,FALSE,FALSE,TRUE,FALSE
"Nonsense_Control","POLR1A",FALSE,FALSE,FALSE,FALSE,TRUE,FALSE
"Nonsense_Control","POLR3B",TRUE,TRUE,FALSE,FALSE,FALSE,FALSE
"Nonsense_Control","POLR3F",FALSE,FALSE,FALSE,FALSE,FALSE,FALSE
"Nonsense_Control","POLRMT",TRUE,TRUE,FALSE,FALSE,TRUE,FALSE
"Nonsense_Control","PPP1R12A",TRUE,TRUE,FALSE,FALSE,TRUE,FALSE
"Nonsense_Control","PRDM16",TRUE,FALSE,FALSE,FALSE,FALSE,FALSE
"Nonsense_Control","PRDX3",TRUE,TRUE,FALSE,FALSE,TRUE,FALSE
"Nonsense_Control","PRKCG",TRUE,TRUE,FALSE,FALSE,TRUE,FALSE
"Nonsense_Control","PRLR",TRUE,FALSE,TRUE,FALSE,TRUE,FALSE
"Nonsense_Control","PRODH",FALSE,TRUE,FALSE,FALSE,FALSE,FALSE
"Nonsense_Control","PROM1",TRUE,FALSE,FALSE,FALSE,TRUE,FALSE
"Nonsense_Control","PRPF6",FALSE,FALSE,FALSE,FALSE,TRUE,TRUE
"Nonsense_Control","PRPH",TRUE,FALSE,FALSE,FALSE,FALSE,FALSE
"Nonsense_Control","PRSS1",TRUE,TRUE,FALSE,FALSE,TRUE,FALSE
"Nonsense_Control","PSAP",TRUE,TRUE,FALSE,FALSE,FALSE,FALSE
"Nonsense_Control","PSENEN",FALSE,FALSE,FALSE,FALSE,FALSE,FALSE
"Nonsense_Control","RAD54L",FALSE,FALSE,TRUE,FALSE,TRUE,FALSE
"Nonsense_Control","RBM20",TRUE,TRUE,FALSE,FALSE,TRUE,TRUE
"Nonsense_Control","REEP2",TRUE,FALSE,FALSE,FALSE,TRUE,FALSE
"Nonsense_Control","RHAG",FALSE,FALSE,FALSE,FALSE,FALSE,FALSE
"Nonsense_Control","RHOBTB2",TRUE,FALSE,FALSE,FALSE,TRUE,FALSE
"Nonsense_Control","RIT1",TRUE,TRUE,FALSE,FALSE,TRUE,FALSE
"Nonsense_Control","RNASEL",TRUE,TRUE,FALSE,FALSE,TRUE,FALSE
"Nonsense_Control","RNF170",FALSE,TRUE,FALSE,FALSE,FALSE,FALSE
"Nonsense_Control","ROBO4",TRUE,FALSE,FALSE,FALSE,FALSE,FALSE
"Nonsense_Control","RP9",TRUE,FALSE,FALSE,FALSE,TRUE,TRUE
"Nonsense_Control","RPS24",TRUE,FALSE,FALSE,FALSE,TRUE,FALSE
"Nonsense_Control","RTN2",FALSE,TRUE,FALSE,FALSE,TRUE,FALSE
"Nonsense_Control","RYR2",FALSE,FALSE,FALSE,FALSE,TRUE,FALSE
"Nonsense_Control","SCAF4",TRUE,FALSE,FALSE,FALSE,TRUE,TRUE
"Nonsense_Control","SCN1B",TRUE,FALSE,FALSE,FALSE,TRUE,FALSE
"Nonsense_Control","SCN3A",TRUE,TRUE,FALSE,FALSE,TRUE,FALSE
"Nonsense_Control","SEC61A1",FALSE,FALSE,FALSE,FALSE,FALSE,FALSE
"Nonsense_Control","SEMA3A",TRUE,TRUE,FALSE,FALSE,TRUE,FALSE
"Nonsense_Control","SERPINA6",TRUE,TRUE,FALSE,FALSE,FALSE,FALSE
"Nonsense_Control","SERPIND1",TRUE,TRUE,FALSE,FALSE,FALSE,FALSE
"Nonsense_Control","SETX",TRUE,TRUE,FALSE,FALSE,TRUE,TRUE
"Nonsense_Control","SF3B2",TRUE,FALSE,FALSE,FALSE,TRUE,TRUE
"Nonsense_Control","SLC12A2",FALSE,TRUE,FALSE,FALSE,TRUE,FALSE
"Nonsense_Control","SLC16A1",TRUE,TRUE,FALSE,FALSE,TRUE,FALSE
"Nonsense_Control","SLC17A8",TRUE,TRUE,FALSE,FALSE,FALSE,FALSE
"Nonsense_Control","SLC30A2",FALSE,FALSE,FALSE,FALSE,FALSE,FALSE
"Nonsense_Control","SLC39A14",FALSE,TRUE,FALSE,FALSE,FALSE,FALSE
"Nonsense_Control","SLC6A5",FALSE,TRUE,FALSE,FALSE,FALSE,FALSE
"Nonsense_Control","SMAD2",TRUE,TRUE,FALSE,FALSE,TRUE,FALSE
"Nonsense_Control","SMARCA4",TRUE,FALSE,FALSE,FALSE,TRUE,FALSE
"Nonsense_Control","SMARCE1",TRUE,FALSE,FALSE,FALSE,TRUE,FALSE
"Nonsense_Control","SPEN",TRUE,TRUE,FALSE,FALSE,FALSE,FALSE
"Nonsense_Control","SPTAN1",TRUE,TRUE,FALSE,FALSE,TRUE,FALSE
"Nonsense_Control","STAT3",FALSE,FALSE,FALSE,FALSE,FALSE,FALSE
"Nonsense_Control","STEAP3",TRUE,TRUE,FALSE,FALSE,TRUE,FALSE
"Nonsense_Control","SUPT16H",TRUE,TRUE,FALSE,FALSE,TRUE,TRUE
"Nonsense_Control","SYNE2",TRUE,TRUE,FALSE,FALSE,FALSE,FALSE
"Nonsense_Control","SYT2",TRUE,TRUE,FALSE,FALSE,TRUE,FALSE
"Nonsense_Control","TBX3",TRUE,FALSE,FALSE,FALSE,TRUE,FALSE
"Nonsense_Control","TCF3",TRUE,TRUE,FALSE,FALSE,TRUE,TRUE
"Nonsense_Control","TCF7L2",TRUE,FALSE,FALSE,FALSE,TRUE,TRUE
"Nonsense_Control","TERT",TRUE,FALSE,FALSE,FALSE,TRUE,TRUE
"Nonsense_Control","TFG",TRUE,FALSE,FALSE,FALSE,TRUE,FALSE
"Nonsense_Control","TGFB1",TRUE,TRUE,FALSE,FALSE,FALSE,FALSE
"Nonsense_Control","TGFBR1",TRUE,TRUE,FALSE,FALSE,TRUE,FALSE
"Nonsense_Control","TGM6",FALSE,TRUE,FALSE,FALSE,FALSE,FALSE
"Nonsense_Control","TIMELESS",TRUE,FALSE,FALSE,FALSE,TRUE,TRUE
"Nonsense_Control","TINF2",FALSE,FALSE,FALSE,FALSE,TRUE,TRUE
"Nonsense_Control","TNFRSF13B",TRUE,TRUE,FALSE,FALSE,TRUE,FALSE
"Nonsense_Control","TNNI3K",FALSE,FALSE,FALSE,FALSE,TRUE,FALSE
"Nonsense_Control","TNPO3",FALSE,FALSE,FALSE,FALSE,FALSE,FALSE
"Nonsense_Control","TRAF3",TRUE,TRUE,FALSE,FALSE,TRUE,FALSE
"Nonsense_Control","TRIO",TRUE,TRUE,FALSE,FALSE,TRUE,FALSE
"Nonsense_Control","TRPV4",TRUE,FALSE,FALSE,FALSE,TRUE,FALSE
"Nonsense_Control","TSC1",TRUE,FALSE,FALSE,FALSE,TRUE,FALSE
"Nonsense_Control","TSPAN12",FALSE,TRUE,FALSE,FALSE,TRUE,FALSE
"Nonsense_Control","TTC21B",FALSE,TRUE,FALSE,FALSE,TRUE,FALSE
"Nonsense_Control","TUBA3D",TRUE,TRUE,FALSE,FALSE,TRUE,FALSE
"Nonsense_Control","UBA2",TRUE,TRUE,TRUE,FALSE,TRUE,TRUE
"Nonsense_Control","UBAP1",TRUE,FALSE,FALSE,FALSE,TRUE,FALSE
"Nonsense_Control","UCP3",FALSE,FALSE,FALSE,FALSE,FALSE,FALSE
"Nonsense_Control","VCAN",TRUE,TRUE,FALSE,FALSE,TRUE,FALSE
"Nonsense_Control","VCL",TRUE,TRUE,FALSE,FALSE,TRUE,FALSE
"Nonsense_Control","VEGFC",TRUE,FALSE,FALSE,FALSE,FALSE,FALSE
"Nonsense_Control","VPS16",FALSE,FALSE,FALSE,FALSE,FALSE,FALSE
"Nonsense_Control","VWF",TRUE,TRUE,FALSE,FALSE,TRUE,FALSE
"Nonsense_Control","WDFY3",TRUE,TRUE,FALSE,FALSE,TRUE,TRUE
"Nonsense_Control","WDR11",FALSE,FALSE,FALSE,FALSE,TRUE,TRUE
"Nonsense_Control","ZBTB7A",TRUE,TRUE,FALSE,FALSE,TRUE,TRUE
"Nonsense_Control","ZFHX3",TRUE,TRUE,FALSE,FALSE,TRUE,TRUE
"Nonsense_Control","ZMYM2",TRUE,TRUE,FALSE,FALSE,TRUE,FALSE
"Nonsense_Control","ZNF462",TRUE,TRUE,FALSE,FALSE,TRUE,FALSE
"Plus1","ARID1A",TRUE,TRUE,FALSE,FALSE,TRUE,TRUE
"Plus1","CHRND",FALSE,FALSE,FALSE,FALSE,FALSE,FALSE
"Plus1","COL3A1",TRUE,TRUE,FALSE,FALSE,FALSE,FALSE
"Plus1","COL5A1",TRUE,TRUE,FALSE,FALSE,FALSE,FALSE
"Plus1","COL6A2",TRUE,TRUE,FALSE,FALSE,TRUE,FALSE
"Plus1","DDR2",TRUE,TRUE,FALSE,FALSE,FALSE,FALSE
"Plus1","FUS",TRUE,FALSE,FALSE,FALSE,TRUE,FALSE
"Plus1","GATA2",TRUE,TRUE,FALSE,FALSE,TRUE,FALSE
"Plus1","GATM",TRUE,FALSE,FALSE,FALSE,TRUE,FALSE
"Plus1","GNAS",TRUE,TRUE,FALSE,FALSE,TRUE,FALSE
"Plus1","KAT6B",TRUE,FALSE,FALSE,FALSE,TRUE,TRUE
"Plus1","KCNH2",TRUE,FALSE,FALSE,FALSE,TRUE,FALSE
"Plus1","KRT10",TRUE,TRUE,FALSE,FALSE,TRUE,FALSE
"Plus1","MAT1A",TRUE,TRUE,FALSE,FALSE,TRUE,FALSE
"Plus1","MED13L",FALSE,TRUE,FALSE,FALSE,FALSE,FALSE
"Plus1","MLH1",TRUE,TRUE,FALSE,FALSE,TRUE,FALSE
"Plus1","MPL",TRUE,FALSE,TRUE,FALSE,TRUE,FALSE
"Plus1","MSH6",TRUE,TRUE,FALSE,FALSE,TRUE,TRUE
"Plus1","NAF1",TRUE,TRUE,FALSE,FALSE,TRUE,TRUE
"Plus1","PIK3R1",TRUE,TRUE,FALSE,FALSE,TRUE,FALSE
"Plus1","PKD1",TRUE,TRUE,FALSE,FALSE,TRUE,FALSE
"Plus1","PPM1D",TRUE,FALSE,FALSE,FALSE,TRUE,TRUE
"Plus1","PPOX",TRUE,TRUE,FALSE,FALSE,TRUE,FALSE
"Plus1","PPP3CA",TRUE,FALSE,FALSE,FALSE,TRUE,FALSE
"Plus1","PRPH2",TRUE,TRUE,FALSE,FALSE,FALSE,FALSE
"Plus1","RDH12",FALSE,FALSE,FALSE,FALSE,FALSE,FALSE
"Plus1","SCNN1B",TRUE,TRUE,TRUE,FALSE,TRUE,FALSE
"Plus1","SLC3A1",TRUE,FALSE,FALSE,FALSE,FALSE,FALSE
"Plus1","SOD1",TRUE,TRUE,FALSE,TRUE,TRUE,FALSE
"Plus1","STUB1",TRUE,TRUE,FALSE,FALSE,TRUE,TRUE
"Plus1","TGFBR2",TRUE,TRUE,FALSE,FALSE,TRUE,FALSE
"Plus1","TNFRSF11A",TRUE,FALSE,FALSE,FALSE,FALSE,FALSE
"Plus1","TP63",TRUE,TRUE,FALSE,FALSE,TRUE,TRUE
"Plus1","VHL",TRUE,TRUE,FALSE,FALSE,TRUE,FALSE
"Plus1","WAC",TRUE,FALSE,FALSE,FALSE,TRUE,FALSE
"Plus1","WFS1",TRUE,FALSE,TRUE,FALSE,TRUE,FALSE
"Plus1","ZIC1",TRUE,TRUE,FALSE,FALSE,FALSE,TRUE
"Plus1_Control","A2ML1",TRUE,TRUE,FALSE,FALSE,FALSE,FALSE
"Plus1_Control","AAGAB",TRUE,FALSE,FALSE,FALSE,TRUE,FALSE
"Plus1_Control","ABCA1",TRUE,FALSE,FALSE,FALSE,TRUE,FALSE
"Plus1_Control","ABCB6",TRUE,TRUE,FALSE,FALSE,TRUE,FALSE
"Plus1_Control","ABCG2",TRUE,FALSE,FALSE,FALSE,FALSE,FALSE
"Plus1_Control","ACD",TRUE,FALSE,FALSE,FALSE,TRUE,FALSE
"Plus1_Control","ACTA2",FALSE,TRUE,FALSE,FALSE,TRUE,FALSE
"Plus1_Control","ACTC1",FALSE,TRUE,FALSE,FALSE,TRUE,FALSE
"Plus1_Control","ADAM10",TRUE,FALSE,FALSE,FALSE,TRUE,FALSE
"Plus1_Control","ADCY10",FALSE,FALSE,FALSE,FALSE,FALSE,FALSE
"Plus1_Control","AFG3L2",TRUE,TRUE,FALSE,FALSE,TRUE,FALSE
"Plus1_Control","ALDH18A1",TRUE,TRUE,FALSE,FALSE,TRUE,FALSE
"Plus1_Control","ALG5",TRUE,TRUE,FALSE,FALSE,FALSE,FALSE
"Plus1_Control","ALG8",FALSE,TRUE,FALSE,FALSE,TRUE,FALSE
"Plus1_Control","ANK2",FALSE,FALSE,FALSE,FALSE,TRUE,FALSE
"Plus1_Control","ANKH",TRUE,FALSE,FALSE,FALSE,TRUE,FALSE
"Plus1_Control","ANTXR1",TRUE,FALSE,FALSE,FALSE,TRUE,FALSE
"Plus1_Control","AP4E1",TRUE,TRUE,FALSE,FALSE,TRUE,FALSE
"Plus1_Control","ARFGEF1",FALSE,FALSE,FALSE,FALSE,FALSE,TRUE
"Plus1_Control","ATL1",TRUE,FALSE,FALSE,FALSE,FALSE,FALSE
"Plus1_Control","ATR",FALSE,TRUE,FALSE,FALSE,TRUE,TRUE
"Plus1_Control","BEST1",FALSE,FALSE,FALSE,FALSE,FALSE,FALSE
"Plus1_Control","BICC1",TRUE,TRUE,FALSE,FALSE,TRUE,FALSE
"Plus1_Control","BMPR2",TRUE,FALSE,FALSE,FALSE,TRUE,FALSE
"Plus1_Control","BNC1",TRUE,TRUE,FALSE,FALSE,TRUE,TRUE
"Plus1_Control","BUB1B",TRUE,FALSE,FALSE,FALSE,TRUE,FALSE
"Plus1_Control","C9",TRUE,FALSE,FALSE,FALSE,FALSE,FALSE
"Plus1_Control","CACNA1A",TRUE,FALSE,FALSE,FALSE,TRUE,FALSE
"Plus1_Control","CACNA1C",TRUE,TRUE,FALSE,FALSE,TRUE,FALSE
"Plus1_Control","CACNB4",FALSE,FALSE,FALSE,FALSE,FALSE,FALSE
"Plus1_Control","CAMK2B",FALSE,TRUE,FALSE,FALSE,FALSE,FALSE
"Plus1_Control","CARD11",FALSE,FALSE,FALSE,FALSE,FALSE,FALSE
"Plus1_Control","CASQ1",TRUE,TRUE,FALSE,FALSE,FALSE,FALSE
"Plus1_Control","CCM2",TRUE,TRUE,FALSE,FALSE,TRUE,FALSE
"Plus1_Control","CD46",FALSE,FALSE,FALSE,FALSE,TRUE,FALSE
"Plus1_Control","CDC42BPB",TRUE,FALSE,FALSE,FALSE,TRUE,FALSE
"Plus1_Control","CDH11",TRUE,TRUE,FALSE,FALSE,TRUE,FALSE
"Plus1_Control","CDK13",TRUE,FALSE,FALSE,FALSE,TRUE,TRUE
"Plus1_Control","CDK4",TRUE,TRUE,FALSE,FALSE,TRUE,TRUE
"Plus1_Control","CEACAM16",TRUE,TRUE,FALSE,FALSE,TRUE,FALSE
"Plus1_Control","CEBPE",TRUE,TRUE,TRUE,FALSE,TRUE,TRUE
"Plus1_Control","CETP",TRUE,TRUE,FALSE,FALSE,FALSE,FALSE
"Plus1_Control","CFB",TRUE,TRUE,FALSE,FALSE,FALSE,FALSE
"Plus1_Control","CFHR5",TRUE,TRUE,FALSE,FALSE,FALSE,FALSE
"Plus1_Control","CLCN2",TRUE,FALSE,FALSE,FALSE,TRUE,FALSE
"Plus1_Control","CNNM2",TRUE,FALSE,FALSE,FALSE,TRUE,FALSE
"Plus1_Control","COCH",FALSE,TRUE,FALSE,FALSE,FALSE,FALSE
"Plus1_Control","COL6A1",TRUE,TRUE,FALSE,FALSE,TRUE,FALSE
"Plus1_Control","COL9A1",TRUE,TRUE,FALSE,FALSE,FALSE,FALSE
"Plus1_Control","COL9A2",TRUE,TRUE,FALSE,FALSE,FALSE,FALSE
"Plus1_Control","COMP",TRUE,TRUE,FALSE,FALSE,FALSE,FALSE
"Plus1_Control","COMT",FALSE,FALSE,FALSE,FALSE,FALSE,FALSE
"Plus1_Control","CPA6",TRUE,TRUE,FALSE,FALSE,FALSE,FALSE
"Plus1_Control","CREB3L3",TRUE,FALSE,FALSE,FALSE,FALSE,TRUE
"Plus1_Control","CRYBA1",TRUE,TRUE,FALSE,FALSE,TRUE,FALSE
"Plus1_Control","CRYGB",TRUE,TRUE,FALSE,FALSE,TRUE,FALSE
"Plus1_Control","CSF3R",TRUE,TRUE,TRUE,FALSE,TRUE,FALSE
"Plus1_Control","CTNND1",TRUE,FALSE,TRUE,FALSE,TRUE,TRUE
"Plus1_Control","CUX2",FALSE,FALSE,FALSE,FALSE,FALSE,FALSE
"Plus1_Control","DCC",TRUE,TRUE,FALSE,FALSE,TRUE,FALSE
"Plus1_Control","DHTKD1",TRUE,TRUE,FALSE,FALSE,TRUE,FALSE
"Plus1_Control","DHX37",FALSE,TRUE,FALSE,FALSE,TRUE,FALSE
"Plus1_Control","DIABLO",TRUE,TRUE,FALSE,FALSE,TRUE,FALSE
"Plus1_Control","DIAPH3",FALSE,FALSE,FALSE,FALSE,FALSE,FALSE
"Plus1_Control","DICER1",TRUE,TRUE,FALSE,FALSE,TRUE,FALSE
"Plus1_Control","DLL4",FALSE,FALSE,FALSE,FALSE,FALSE,FALSE
"Plus1_Control","DNA2",TRUE,TRUE,FALSE,FALSE,TRUE,TRUE
"Plus1_Control","DNM1",TRUE,FALSE,FALSE,FALSE,TRUE,FALSE
"Plus1_Control","DRD4",FALSE,FALSE,FALSE,FALSE,FALSE,FALSE
"Plus1_Control","DSTYK",FALSE,TRUE,FALSE,FALSE,TRUE,FALSE
"Plus1_Control","EFHC1",FALSE,TRUE,FALSE,FALSE,FALSE,FALSE
"Plus1_Control","EGFR",TRUE,FALSE,TRUE,FALSE,TRUE,FALSE
"Plus1_Control","EGLN1",TRUE,TRUE,FALSE,FALSE,TRUE,FALSE
"Plus1_Control","EIF4A2",FALSE,TRUE,FALSE,FALSE,TRUE,FALSE
"Plus1_Control","EIF5A",TRUE,TRUE,FALSE,FALSE,TRUE,FALSE
"Plus1_Control","EMILIN1",TRUE,TRUE,FALSE,FALSE,TRUE,FALSE
"Plus1_Control","EPHB4",TRUE,TRUE,FALSE,FALSE,TRUE,FALSE
"Plus1_Control","EPO",TRUE,TRUE,FALSE,FALSE,TRUE,FALSE
"Plus1_Control","EPOR",TRUE,FALSE,FALSE,FALSE,TRUE,FALSE
"Plus1_Control","ERBB3",TRUE,FALSE,TRUE,FALSE,TRUE,FALSE
"Plus1_Control","ERBB4",TRUE,FALSE,TRUE,FALSE,TRUE,TRUE
"Plus1_Control","EVC",TRUE,FALSE,FALSE,FALSE,FALSE,FALSE
"Plus1_Control","EXT2",TRUE,TRUE,FALSE,FALSE,TRUE,FALSE
"Plus1_Control","F5",TRUE,TRUE,FALSE,FALSE,TRUE,FALSE
"Plus1_Control","FASLG",FALSE,FALSE,FALSE,FALSE,FALSE,FALSE
"Plus1_Control","FBN2",TRUE,FALSE,FALSE,FALSE,TRUE,FALSE
"Plus1_Control","FIG4",FALSE,FALSE,FALSE,FALSE,FALSE,FALSE
"Plus1_Control","FLT4",TRUE,FALSE,FALSE,FALSE,TRUE,TRUE
"Plus1_Control","FN1",TRUE,FALSE,FALSE,FALSE,TRUE,FALSE
"Plus1_Control","FTH1",FALSE,FALSE,FALSE,FALSE,FALSE,FALSE
"Plus1_Control","GATAD2B",FALSE,FALSE,FALSE,FALSE,TRUE,FALSE
"Plus1_Control","GDF6",FALSE,FALSE,FALSE,FALSE,FALSE,FALSE
"Plus1_Control","GLRA1",TRUE,TRUE,FALSE,FALSE,TRUE,FALSE
"Plus1_Control","GLS",TRUE,TRUE,FALSE,FALSE,FALSE,FALSE
"Plus1_Control","GMNN",FALSE,FALSE,FALSE,FALSE,FALSE,FALSE
"Plus1_Control","GRIA2",TRUE,TRUE,FALSE,FALSE,TRUE,FALSE
"Plus1_Control","GRIN1",TRUE,FALSE,TRUE,FALSE,TRUE,FALSE
"Plus1_Control","GUCY2C",FALSE,FALSE,FALSE,FALSE,TRUE,FALSE
"Plus1_Control","GUCY2D",TRUE,TRUE,FALSE,FALSE,FALSE,FALSE
"Plus1_Control","HCN2",FALSE,FALSE,FALSE,FALSE,FALSE,FALSE
"Plus1_Control","HCN4",TRUE,TRUE,FALSE,FALSE,TRUE,FALSE
"Plus1_Control","HIVEP2",TRUE,FALSE,FALSE,FALSE,TRUE,FALSE
"Plus1_Control","HMCN1",TRUE,TRUE,FALSE,FALSE,FALSE,FALSE
"Plus1_Control","HNF1B",FALSE,TRUE,FALSE,FALSE,TRUE,FALSE
"Plus1_Control","HNF4A",TRUE,FALSE,FALSE,FALSE,TRUE,TRUE
"Plus1_Control","HNRNPH1",TRUE,FALSE,FALSE,FALSE,FALSE,FALSE
"Plus1_Control","HOMER2",TRUE,FALSE,FALSE,FALSE,TRUE,FALSE
"Plus1_Control","HOXA2",TRUE,TRUE,FALSE,FALSE,TRUE,TRUE
"Plus1_Control","HRG",TRUE,FALSE,FALSE,FALSE,TRUE,FALSE
"Plus1_Control","HSF4",TRUE,FALSE,FALSE,FALSE,TRUE,TRUE
"Plus1_Control","HTRA1",TRUE,TRUE,FALSE,FALSE,TRUE,FALSE
"Plus1_Control","HTT",TRUE,FALSE,FALSE,FALSE,FALSE,TRUE
"Plus1_Control","IKZF1",FALSE,FALSE,FALSE,FALSE,FALSE,FALSE
"Plus1_Control","IMPG1",FALSE,FALSE,FALSE,FALSE,FALSE,FALSE
"Plus1_Control","IMPG2",FALSE,FALSE,FALSE,FALSE,FALSE,FALSE
"Plus1_Control","INSL3",TRUE,TRUE,FALSE,FALSE,FALSE,FALSE
"Plus1_Control","IRF2BP2",TRUE,FALSE,FALSE,FALSE,TRUE,TRUE
"Plus1_Control","ITGA2B",TRUE,TRUE,FALSE,FALSE,FALSE,FALSE
"Plus1_Control","JARID2",TRUE,TRUE,FALSE,FALSE,TRUE,TRUE
"Plus1_Control","JPH1",FALSE,FALSE,FALSE,FALSE,FALSE,FALSE
"Plus1_Control","KCNC3",FALSE,FALSE,FALSE,FALSE,FALSE,FALSE
"Plus1_Control","KCNK18",TRUE,TRUE,FALSE,FALSE,TRUE,FALSE
"Plus1_Control","KCNMA1",TRUE,FALSE,FALSE,FALSE,TRUE,FALSE
"Plus1_Control","KCNQ3",TRUE,TRUE,FALSE,FALSE,TRUE,FALSE
"Plus1_Control","KCNQ5",TRUE,TRUE,FALSE,FALSE,TRUE,FALSE
"Plus1_Control","KCNT1",TRUE,FALSE,FALSE,FALSE,TRUE,FALSE
"Plus1_Control","KCNT2",TRUE,FALSE,FALSE,FALSE,FALSE,FALSE
"Plus1_Control","KLF1",TRUE,TRUE,FALSE,FALSE,TRUE,TRUE
"Plus1_Control","KLHL7",TRUE,TRUE,FALSE,FALSE,TRUE,TRUE
"Plus1_Control","KRT5",TRUE,TRUE,FALSE,FALSE,TRUE,FALSE
"Plus1_Control","KRT83",TRUE,FALSE,FALSE,FALSE,FALSE,FALSE
"Plus1_Control","LAMB3",TRUE,FALSE,FALSE,FALSE,TRUE,FALSE
"Plus1_Control","LEMD3",TRUE,TRUE,FALSE,FALSE,TRUE,FALSE
"Plus1_Control","LHCGR",TRUE,TRUE,FALSE,FALSE,TRUE,FALSE
"Plus1_Control","LHX4",TRUE,FALSE,FALSE,FALSE,FALSE,FALSE
"Plus1_Control","LRP4",TRUE,FALSE,FALSE,FALSE,TRUE,FALSE
"Plus1_Control","MAF",TRUE,TRUE,FALSE,FALSE,TRUE,TRUE
"Plus1_Control","MBD4",TRUE,FALSE,FALSE,FALSE,TRUE,FALSE
"Plus1_Control","MEF2C",TRUE,FALSE,FALSE,FALSE,TRUE,TRUE
"Plus1_Control","MEFV",TRUE,TRUE,FALSE,FALSE,TRUE,TRUE
"Plus1_Control","MET",TRUE,TRUE,TRUE,FALSE,TRUE,FALSE
"Plus1_Control","MIB1",TRUE,TRUE,FALSE,FALSE,TRUE,FALSE
"Plus1_Control","MMP13",TRUE,TRUE,FALSE,FALSE,FALSE,FALSE
"Plus1_Control","MPO",TRUE,TRUE,FALSE,FALSE,TRUE,FALSE
"Plus1_Control","MSTO1",FALSE,FALSE,FALSE,FALSE,FALSE,FALSE
"Plus1_Control","MSX1",TRUE,TRUE,FALSE,FALSE,TRUE,TRUE
"Plus1_Control","MVD",FALSE,FALSE,FALSE,FALSE,FALSE,FALSE
"Plus1_Control","MYBPC1",FALSE,FALSE,FALSE,FALSE,FALSE,FALSE
"Plus1_Control","MYH11",TRUE,TRUE,FALSE,FALSE,TRUE,FALSE
"Plus1_Control","MYH2",TRUE,TRUE,FALSE,FALSE,TRUE,FALSE
"Plus1_Control","MYL2",FALSE,TRUE,FALSE,FALSE,TRUE,FALSE
"Plus1_Control","MYL3",TRUE,TRUE,FALSE,FALSE,TRUE,FALSE
"Plus1_Control","MYOCD",TRUE,FALSE,FALSE,FALSE,FALSE,TRUE
"Plus1_Control","MYRF",TRUE,TRUE,FALSE,FALSE,TRUE,FALSE
"Plus1_Control","NAA15",TRUE,FALSE,FALSE,FALSE,TRUE,FALSE
"Plus1_Control","NALCN",TRUE,FALSE,FALSE,FALSE,TRUE,FALSE
"Plus1_Control","NCDN",FALSE,FALSE,FALSE,FALSE,FALSE,FALSE
"Plus1_Control","NCSTN",TRUE,FALSE,FALSE,FALSE,TRUE,FALSE
"Plus1_Control","NEXN",TRUE,TRUE,FALSE,FALSE,TRUE,FALSE
"Plus1_Control","NF1",TRUE,FALSE,FALSE,FALSE,TRUE,FALSE
"Plus1_Control","NF2",TRUE,TRUE,FALSE,FALSE,TRUE,TRUE
"Plus1_Control","NFKB1",TRUE,FALSE,TRUE,FALSE,TRUE,TRUE
"Plus1_Control","NLRC4",FALSE,FALSE,FALSE,FALSE,FALSE,FALSE
"Plus1_Control","NLRP12",FALSE,TRUE,FALSE,FALSE,TRUE,FALSE
"Plus1_Control","NPRL2",FALSE,FALSE,FALSE,FALSE,TRUE,FALSE
"Plus1_Control","NR0B2",FALSE,TRUE,FALSE,FALSE,TRUE,FALSE
"Plus1_Control","OPLAH",TRUE,TRUE,FALSE,FALSE,TRUE,FALSE
"Plus1_Control","OPTN",TRUE,FALSE,FALSE,FALSE,TRUE,FALSE
"Plus1_Control","OSBPL2",TRUE,TRUE,FALSE,FALSE,TRUE,FALSE
"Plus1_Control","PARN",TRUE,FALSE,FALSE,FALSE,TRUE,TRUE
"Plus1_Control","PAX2",TRUE,TRUE,FALSE,FALSE,TRUE,FALSE
"Plus1_Control","PAX9",TRUE,TRUE,FALSE,FALSE,TRUE,FALSE
"Plus1_Control","PDE11A",FALSE,TRUE,FALSE,FALSE,TRUE,FALSE
"Plus1_Control","PDE8B",FALSE,TRUE,FALSE,FALSE,TRUE,FALSE
"Plus1_Control","PDYN",FALSE,FALSE,FALSE,FALSE,FALSE,FALSE
"Plus1_Control","PER2",TRUE,TRUE,FALSE,FALSE,TRUE,TRUE
"Plus1_Control","PERP",FALSE,TRUE,FALSE,FALSE,TRUE,FALSE
"Plus1_Control","PIGT",FALSE,TRUE,FALSE,FALSE,TRUE,FALSE
"Plus1_Control","PITX3",FALSE,FALSE,FALSE,FALSE,FALSE,FALSE
"Plus1_Control","PLA2G2A",FALSE,FALSE,FALSE,FALSE,FALSE,FALSE
"Plus1_Control","PLCD1",FALSE,TRUE,FALSE,FALSE,FALSE,FALSE
"Plus1_Control","PNPT1",TRUE,TRUE,FALSE,FALSE,TRUE,FALSE
"Plus1_Control","POFUT1",TRUE,TRUE,FALSE,FALSE,TRUE,FALSE
"Plus1_Control","POGLUT1",TRUE,TRUE,FALSE,FALSE,TRUE,FALSE
"Plus1_Control","POLD1",TRUE,TRUE,FALSE,FALSE,TRUE,TRUE
"Plus1_Control","POLE",FALSE,FALSE,FALSE,FALSE,FALSE,FALSE
"Plus1_Control","POLG2",TRUE,TRUE,FALSE,FALSE,TRUE,FALSE
"Plus1_Control","POLR1A",FALSE,FALSE,FALSE,FALSE,TRUE,FALSE
"Plus1_Control","POLR3B",TRUE,TRUE,FALSE,FALSE,FALSE,FALSE
"Plus1_Control","POU4F1",TRUE,TRUE,FALSE,FALSE,TRUE,TRUE
"Plus1_Control","PPP1R12A",TRUE,TRUE,FALSE,FALSE,TRUE,FALSE
"Plus1_Control","PROC",TRUE,TRUE,TRUE,FALSE,FALSE,FALSE
"Plus1_Control","PROK2",TRUE,TRUE,FALSE,FALSE,FALSE,FALSE
"Plus1_Control","PRPF3",TRUE,TRUE,FALSE,FALSE,TRUE,FALSE
"Plus1_Control","PRPF31",TRUE,TRUE,FALSE,FALSE,TRUE,TRUE
"Plus1_Control","PRRX1",TRUE,TRUE,FALSE,FALSE,FALSE,TRUE
"Plus1_Control","PUM1",TRUE,TRUE,FALSE,FALSE,TRUE,FALSE
"Plus1_Control","RAD54L",FALSE,FALSE,TRUE,FALSE,TRUE,FALSE
"Plus1_Control","RANBP2",TRUE,TRUE,FALSE,FALSE,TRUE,FALSE
"Plus1_Control","RBM20",TRUE,TRUE,FALSE,FALSE,TRUE,TRUE
"Plus1_Control","RDH5",FALSE,FALSE,FALSE,FALSE,FALSE,FALSE
"Plus1_Control","REN",TRUE,TRUE,FALSE,FALSE,TRUE,FALSE
"Plus1_Control","RERE",FALSE,TRUE,FALSE,FALSE,FALSE,FALSE
"Plus1_Control","RHAG",TRUE,TRUE,FALSE,FALSE,FALSE,FALSE
"Plus1_Control","RLBP1",TRUE,TRUE,FALSE,FALSE,TRUE,FALSE
"Plus1_Control","RNF170",FALSE,TRUE,FALSE,FALSE,FALSE,FALSE
"Plus1_Control","RP9",FALSE,FALSE,FALSE,FALSE,FALSE,FALSE
"Plus1_Control","RTN2",FALSE,TRUE,FALSE,FALSE,TRUE,FALSE
"Plus1_Control","RYR2",FALSE,FALSE,FALSE,FALSE,TRUE,FALSE
"Plus1_Control","SASH1",FALSE,TRUE,FALSE,FALSE,TRUE,FALSE
"Plus1_Control","SCAF4",TRUE,FALSE,FALSE,FALSE,TRUE,TRUE
"Plus1_Control","SCN1B",TRUE,FALSE,FALSE,FALSE,TRUE,FALSE
"Plus1_Control","SCN3A",TRUE,TRUE,FALSE,FALSE,TRUE,FALSE
"Plus1_Control","SEC63",TRUE,TRUE,FALSE,FALSE,TRUE,FALSE
"Plus1_Control","SEMA3A",TRUE,TRUE,FALSE,FALSE,TRUE,FALSE
"Plus1_Control","SETX",TRUE,TRUE,FALSE,FALSE,TRUE,TRUE
"Plus1_Control","SF3B2",TRUE,FALSE,FALSE,FALSE,TRUE,TRUE
"Plus1_Control","SH3TC2",FALSE,FALSE,FALSE,FALSE,FALSE,FALSE
"Plus1_Control","SIK1",TRUE,FALSE,FALSE,FALSE,TRUE,TRUE
"Plus1_Control","SIN3A",FALSE,TRUE,FALSE,FALSE,TRUE,FALSE
"Plus1_Control","SKI",FALSE,FALSE,FALSE,FALSE,FALSE,FALSE
"Plus1_Control","SLC16A1",TRUE,TRUE,FALSE,FALSE,TRUE,FALSE
"Plus1_Control","SLC17A8",TRUE,TRUE,FALSE,FALSE,FALSE,FALSE
"Plus1_Control","SLC25A11",FALSE,TRUE,FALSE,FALSE,FALSE,FALSE
"Plus1_Control","SLC25A4",FALSE,FALSE,FALSE,FALSE,FALSE,FALSE
"Plus1_Control","SLC26A8",TRUE,FALSE,FALSE,FALSE,TRUE,FALSE
"Plus1_Control","SLC2A2",TRUE,TRUE,FALSE,FALSE,TRUE,FALSE
"Plus1_Control","SLC2A9",TRUE,TRUE,FALSE,FALSE,TRUE,FALSE
"Plus1_Control","SLC34A1",TRUE,TRUE,FALSE,FALSE,FALSE,FALSE
"Plus1_Control","SLC39A5",FALSE,FALSE,FALSE,FALSE,FALSE,FALSE
"Plus1_Control","SLC40A1",TRUE,TRUE,FALSE,FALSE,TRUE,FALSE
"Plus1_Control","SLC6A5",FALSE,FALSE,FALSE,FALSE,FALSE,FALSE
"Plus1_Control","SLC7A9",TRUE,TRUE,FALSE,FALSE,FALSE,FALSE
"Plus1_Control","SMAD6",TRUE,TRUE,FALSE,FALSE,TRUE,TRUE
"Plus1_Control","SMARCC1",TRUE,FALSE,FALSE,FALSE,FALSE,FALSE
"Plus1_Control","SNRNP200",TRUE,TRUE,FALSE,FALSE,TRUE,TRUE
"Plus1_Control","SOS1",TRUE,FALSE,TRUE,FALSE,TRUE,FALSE
"Plus1_Control","SOST",TRUE,TRUE,TRUE,FALSE,FALSE,FALSE
"Plus1_Control","SPOP",TRUE,TRUE,FALSE,FALSE,TRUE,TRUE
"Plus1_Control","SPTSSA",FALSE,FALSE,FALSE,FALSE,FALSE,FALSE
"Plus1_Control","SRRM2",TRUE,FALSE,FALSE,FALSE,TRUE,TRUE
"Plus1_Control","STAT3",FALSE,FALSE,FALSE,FALSE,FALSE,FALSE
"Plus1_Control","SUZ12",TRUE,TRUE,FALSE,FALSE,TRUE,TRUE
"Plus1_Control","SYCP2",FALSE,FALSE,FALSE,FALSE,TRUE,FALSE
"Plus1_Control","SYNE2",FALSE,FALSE,FALSE,FALSE,FALSE,FALSE
"Plus1_Control","SYT2",TRUE,TRUE,FALSE,FALSE,TRUE,FALSE
"Plus1_Control","TBX6",FALSE,FALSE,FALSE,FALSE,FALSE,FALSE
"Plus1_Control","TCF7L2",TRUE,FALSE,FALSE,FALSE,TRUE,TRUE
"Plus1_Control","TGM6",FALSE,TRUE,FALSE,FALSE,FALSE,FALSE
"Plus1_Control","TIMP3",TRUE,TRUE,FALSE,FALSE,TRUE,FALSE
"Plus1_Control","TINF2",FALSE,FALSE,FALSE,FALSE,TRUE,TRUE
"Plus1_Control","TNPO3",TRUE,FALSE,FALSE,FALSE,TRUE,FALSE
"Plus1_Control","TRIM71",FALSE,FALSE,FALSE,FALSE,FALSE,FALSE
"Plus1_Control","TRIO",TRUE,TRUE,FALSE,FALSE,TRUE,FALSE
"Plus1_Control","TRPC6",TRUE,FALSE,FALSE,FALSE,TRUE,FALSE
"Plus1_Control","TRPM4",FALSE,FALSE,FALSE,FALSE,FALSE,FALSE
"Plus1_Control","TRPV4",TRUE,FALSE,FALSE,FALSE,TRUE,FALSE
"Plus1_Control","TTC21B",FALSE,TRUE,FALSE,FALSE,TRUE,FALSE
"Plus1_Control","TUBA3D",TRUE,TRUE,FALSE,FALSE,TRUE,FALSE
"Plus1_Control","UBAP1",TRUE,FALSE,FALSE,FALSE,TRUE,FALSE
"Plus1_Control","UCHL1",FALSE,FALSE,FALSE,FALSE,FALSE,FALSE
"Plus1_Control","VANGL1",FALSE,FALSE,FALSE,FALSE,FALSE,FALSE
"Plus1_Control","VCL",TRUE,TRUE,FALSE,FALSE,TRUE,FALSE
"Plus1_Control","VEGFC",TRUE,FALSE,FALSE,FALSE,FALSE,FALSE
"Plus1_Control","VPS16",FALSE,TRUE,FALSE,FALSE,TRUE,FALSE
"Plus1_Control","WBP11",TRUE,FALSE,FALSE,FALSE,TRUE,TRUE
"Plus1_Control","WDR11",FALSE,FALSE,FALSE,FALSE,TRUE,TRUE
"Plus1_Control","WT1",FALSE,FALSE,FALSE,FALSE,FALSE,FALSE
"Plus1_Control","YAP1",FALSE,FALSE,FALSE,FALSE,FALSE,FALSE
"Plus1_Control","ZFHX3",TRUE,TRUE,FALSE,FALSE,TRUE,TRUE
"Plus1_Control","ZMYM2",TRUE,TRUE,FALSE,FALSE,TRUE,FALSE
"Plus1_Control","ZNF408",TRUE,TRUE,FALSE,FALSE,TRUE,TRUE
"Plus1_Control","ZNF462",TRUE,FALSE,FALSE,FALSE,TRUE,FALSE
"Plus1_Control","ZP3",TRUE,FALSE,FALSE,FALSE,FALSE,FALSE
