"group","hgnc_symbol","LCS_flag2"
"Minus1","ABCC6",TRUE
"Minus1","AIRE",TRUE
"Minus1","APPL1",TRUE
"Minus1","ATAD3A",TRUE
"Minus1","BPTF",TRUE
"Minus1","CDKN1C",TRUE
"Minus1","COL1A2",FALSE
"Minus1","COL6A2",TRUE
"Minus1","DAGLA",TRUE
"Minus1","DVL3",TRUE
"Minus1","ELANE",TRUE
"Minus1","EYA1",FALSE
"Minus1","FOXN1",TRUE
"Minus1","GABRG2",TRUE
"Minus1","GATA4",TRUE
"Minus1","GFAP",TRUE
"Minus1","GFI1B",TRUE
"Minus1","GRM1",TRUE
"Minus1","HBB",TRUE
"Minus1","HSPB1",TRUE
"Minus1","KAT6B",TRUE
"Minus1","KISS1R",TRUE
"Minus1","LRSAM1",TRUE
"Minus1","MAT1A",TRUE
"Minus1","MSH6",FALSE
"Minus1","MYH7",TRUE
"Minus1","PAFAH1B1",FALSE
"Minus1","POLG",TRUE
"Minus1","POMP",TRUE
"Minus1","PPM1D",TRUE
"Minus1","PRRT2",FALSE
"Minus1","RARB",TRUE
"Minus1","RASA1",TRUE
"Minus1","RDH12",TRUE
"Minus1","RPE65",TRUE
"Minus1","RPS19",FALSE
"Minus1","SCNN1G",TRUE
"Minus1","SDHD",FALSE
"Minus1","SERPING1",TRUE
"Minus1","SOX9",TRUE
"Minus1","SQSTM1",TRUE
"Minus1","STAG1",TRUE
"Minus1","STUB1",TRUE
"Minus1","SYCP3",TRUE
"Minus1","TCAP",TRUE
"Minus1","TGFBR2",TRUE
"Minus1","THRA",TRUE
"Minus1","TMEM127",TRUE
"Minus1","TP63",TRUE
"Minus1","VHL",TRUE
"Minus1","WNT1",TRUE
"Minus1","WNT10A",TRUE
"Minus1","ZIC2",TRUE
"Minus1_Control","A2ML1",FALSE
"Minus1_Control","ABCA1",TRUE
"Minus1_Control","ABCG2",FALSE
"Minus1_Control","ACD",TRUE
"Minus1_Control","ACO2",FALSE
"Minus1_Control","ADCY10",TRUE
"Minus1_Control","AFG3L2",TRUE
"Minus1_Control","AFP",TRUE
"Minus1_Control","ALB",FALSE
"Minus1_Control","ALG5",FALSE
"Minus1_Control","ALG8",TRUE
"Minus1_Control","ANK2",TRUE
"Minus1_Control","ANKH",TRUE
"Minus1_Control","AP4E1",FALSE
"Minus1_Control","ARFGEF1",TRUE
"Minus1_Control","ARID2",TRUE
"Minus1_Control","AVP",TRUE
"Minus1_Control","BMPR2",TRUE
"Minus1_Control","BNC1",TRUE
"Minus1_Control","BUB1B",TRUE
"Minus1_Control","C9",FALSE
"Minus1_Control","CACNA1A",TRUE
"Minus1_Control","CACNA1C",TRUE
"Minus1_Control","CAMK2B",TRUE
"Minus1_Control","CAPRIN1",TRUE
"Minus1_Control","CARD11",TRUE
"Minus1_Control","CASQ1",TRUE
"Minus1_Control","CCM2",TRUE
"Minus1_Control","CD46",TRUE
"Minus1_Control","CD96",TRUE
"Minus1_Control","CDC73",TRUE
"Minus1_Control","CDH2",FALSE
"Minus1_Control","CDK13",TRUE
"Minus1_Control","CEBPE",TRUE
"Minus1_Control","CETP",TRUE
"Minus1_Control","CFB",TRUE
"Minus1_Control","CFHR1",TRUE
"Minus1_Control","CFHR5",TRUE
"Minus1_Control","CHD3",TRUE
"Minus1_Control","CHRNA1",TRUE
"Minus1_Control","CHRNA4",FALSE
"Minus1_Control","CHRNB1",TRUE
"Minus1_Control","CLCN2",TRUE
"Minus1_Control","CLCN3",TRUE
"Minus1_Control","CLCN7",TRUE
"Minus1_Control","CNNM2",TRUE
"Minus1_Control","COCH",FALSE
"Minus1_Control","COL11A1",FALSE
"Minus1_Control","COL6A1",TRUE
"Minus1_Control","COL9A1",TRUE
"Minus1_Control","COMP",FALSE
"Minus1_Control","COMT",FALSE
"Minus1_Control","COPB2",TRUE
"Minus1_Control","CPA6",FALSE
"Minus1_Control","CREB3L3",TRUE
"Minus1_Control","CRYGB",TRUE
"Minus1_Control","CSF3R",TRUE
"Minus1_Control","CTCF",TRUE
"Minus1_Control","CTRC",TRUE
"Minus1_Control","CUX2",FALSE
"Minus1_Control","DEAF1",FALSE
"Minus1_Control","DHTKD1",TRUE
"Minus1_Control","DIABLO",TRUE
"Minus1_Control","DIAPH3",FALSE
"Minus1_Control","DICER1",TRUE
"Minus1_Control","DLL4",FALSE
"Minus1_Control","DNAJB11",FALSE
"Minus1_Control","DNM1L",TRUE
"Minus1_Control","DPP6",FALSE
"Minus1_Control","DRD4",TRUE
"Minus1_Control","DSTYK",TRUE
"Minus1_Control","DYNC1H1",FALSE
"Minus1_Control","EFEMP1",TRUE
"Minus1_Control","EGFR",TRUE
"Minus1_Control","EIF4A2",FALSE
"Minus1_Control","EIF5A",FALSE
"Minus1_Control","EMILIN1",TRUE
"Minus1_Control","EPCAM",FALSE
"Minus1_Control","EPHB4",TRUE
"Minus1_Control","EPO",TRUE
"Minus1_Control","EPOR",TRUE
"Minus1_Control","ERBB3",TRUE
"Minus1_Control","ERBB4",TRUE
"Minus1_Control","EVC",TRUE
"Minus1_Control","EXT2",TRUE
"Minus1_Control","F13A1",TRUE
"Minus1_Control","FASLG",FALSE
"Minus1_Control","FBN2",TRUE
"Minus1_Control","FIG4",TRUE
"Minus1_Control","FIGLA",FALSE
"Minus1_Control","FLT4",TRUE
"Minus1_Control","FN1",TRUE
"Minus1_Control","GABBR2",FALSE
"Minus1_Control","GANAB",TRUE
"Minus1_Control","GATA6",TRUE
"Minus1_Control","GDF6",FALSE
"Minus1_Control","GH1",TRUE
"Minus1_Control","GLUL",TRUE
"Minus1_Control","GMNN",FALSE
"Minus1_Control","GNAL",FALSE
"Minus1_Control","GNAO1",TRUE
"Minus1_Control","GNB1",FALSE
"Minus1_Control","GRIA2",TRUE
"Minus1_Control","GRN",TRUE
"Minus1_Control","GUCY2C",TRUE
"Minus1_Control","HCN2",FALSE
"Minus1_Control","HCN4",TRUE
"Minus1_Control","HIVEP2",TRUE
"Minus1_Control","HMCN1",FALSE
"Minus1_Control","HOMER2",TRUE
"Minus1_Control","HOXA2",TRUE
"Minus1_Control","HRG",TRUE
"Minus1_Control","HSF4",TRUE
"Minus1_Control","HTRA1",TRUE
"Minus1_Control","HTT",TRUE
"Minus1_Control","IKZF1",FALSE
"Minus1_Control","IMPG1",TRUE
"Minus1_Control","INSL3",TRUE
"Minus1_Control","INSR",TRUE
"Minus1_Control","IRF2BP2",TRUE
"Minus1_Control","KCNC3",FALSE
"Minus1_Control","KCNK18",TRUE
"Minus1_Control","KCNMA1",TRUE
"Minus1_Control","KCNQ3",TRUE
"Minus1_Control","KCNQ4",TRUE
"Minus1_Control","KCNQ5",TRUE
"Minus1_Control","KCTD17",TRUE
"Minus1_Control","KIT",TRUE
"Minus1_Control","KLF1",TRUE
"Minus1_Control","KLHL3",TRUE
"Minus1_Control","KLHL7",TRUE
"Minus1_Control","KMT2C",FALSE
"Minus1_Control","KRT5",TRUE
"Minus1_Control","KRT83",TRUE
"Minus1_Control","LAMB3",FALSE
"Minus1_Control","LDB3",TRUE
"Minus1_Control","LEMD3",TRUE
"Minus1_Control","LHCGR",TRUE
"Minus1_Control","LHX4",TRUE
"Minus1_Control","LRP4",TRUE
"Minus1_Control","MAF",FALSE
"Minus1_Control","MAP3K1",FALSE
"Minus1_Control","MBD4",TRUE
"Minus1_Control","MED13",TRUE
"Minus1_Control","MEFV",TRUE
"Minus1_Control","MEIS2",TRUE
"Minus1_Control","MIB1",TRUE
"Minus1_Control","MMP13",FALSE
"Minus1_Control","MPO",FALSE
"Minus1_Control","MSTO1",FALSE
"Minus1_Control","MSX1",TRUE
"Minus1_Control","MYH2",TRUE
"Minus1_Control","MYL2",TRUE
"Minus1_Control","MYL3",TRUE
"Minus1_Control","MYOCD",TRUE
"Minus1_Control","MYPN",TRUE
"Minus1_Control","NALCN",TRUE
"Minus1_Control","NCDN",FALSE
"Minus1_Control","NEXN",TRUE
"Minus1_Control","NFIA",TRUE
"Minus1_Control","NFKB1",TRUE
"Minus1_Control","NLRC4",FALSE
"Minus1_Control","NLRP12",FALSE
"Minus1_Control","NODAL",FALSE
"Minus1_Control","NPRL2",FALSE
"Minus1_Control","NR0B2",FALSE
"Minus1_Control","NR4A2",FALSE
"Minus1_Control","OPLAH",TRUE
"Minus1_Control","OPTN",TRUE
"Minus1_Control","PARN",TRUE
"Minus1_Control","PAX2",TRUE
"Minus1_Control","PAX8",TRUE
"Minus1_Control","PAX9",TRUE
"Minus1_Control","PBX1",TRUE
"Minus1_Control","PCSK9",TRUE
"Minus1_Control","PDE10A",FALSE
"Minus1_Control","PDE11A",TRUE
"Minus1_Control","PDE8B",TRUE
"Minus1_Control","PDYN",FALSE
"Minus1_Control","PER2",TRUE
"Minus1_Control","PER3",TRUE
"Minus1_Control","PERP",FALSE
"Minus1_Control","PIGT",TRUE
"Minus1_Control","PIKFYVE",FALSE
"Minus1_Control","PITPNM3",TRUE
"Minus1_Control","PITX3",FALSE
"Minus1_Control","PLA2G2A",FALSE
"Minus1_Control","PLCD1",TRUE
"Minus1_Control","PLG",TRUE
"Minus1_Control","PNPT1",TRUE
"Minus1_Control","POFUT1",TRUE
"Minus1_Control","POGLUT1",FALSE
"Minus1_Control","POLG2",TRUE
"Minus1_Control","POLR3B",FALSE
"Minus1_Control","POU4F1",TRUE
"Minus1_Control","PPP1R12A",TRUE
"Minus1_Control","PRDM16",TRUE
"Minus1_Control","PROC",TRUE
"Minus1_Control","PRODH",TRUE
"Minus1_Control","PROK2",TRUE
"Minus1_Control","PROM1",TRUE
"Minus1_Control","PRRX1",FALSE
"Minus1_Control","PSEN1",FALSE
"Minus1_Control","PSMB10",TRUE
"Minus1_Control","PTPN11",TRUE
"Minus1_Control","QRICH1",TRUE
"Minus1_Control","RAD54L",FALSE
"Minus1_Control","RALA",FALSE
"Minus1_Control","RANBP2",TRUE
"Minus1_Control","RB1",TRUE
"Minus1_Control","RDH5",TRUE
"Minus1_Control","RERE",TRUE
"Minus1_Control","RLBP1",TRUE
"Minus1_Control","RNF170",TRUE
"Minus1_Control","ROBO4",FALSE
"Minus1_Control","RP9",FALSE
"Minus1_Control","RPSA",FALSE
"Minus1_Control","RYR2",FALSE
"Minus1_Control","SASH1",TRUE
"Minus1_Control","SCAF4",TRUE
"Minus1_Control","SCN3A",TRUE
"Minus1_Control","SCNN1A",TRUE
"Minus1_Control","SERPINA6",FALSE
"Minus1_Control","SERPIND1",TRUE
"Minus1_Control","SETD1A",TRUE
"Minus1_Control","SETX",TRUE
"Minus1_Control","SF3B4",TRUE
"Minus1_Control","SH3TC2",TRUE
"Minus1_Control","SIK1",TRUE
"Minus1_Control","SIN3A",TRUE
"Minus1_Control","SKI",TRUE
"Minus1_Control","SLC12A2",FALSE
"Minus1_Control","SLC16A1",TRUE
"Minus1_Control","SLC17A8",TRUE
"Minus1_Control","SLC1A2",FALSE
"Minus1_Control","SLC25A4",FALSE
"Minus1_Control","SLC26A8",TRUE
"Minus1_Control","SLC2A2",TRUE
"Minus1_Control","SLC2A9",TRUE
"Minus1_Control","SLC34A1",TRUE
"Minus1_Control","SLC39A5",FALSE
"Minus1_Control","SLC40A1",TRUE
"Minus1_Control","SLC6A1",TRUE
"Minus1_Control","SLC6A5",TRUE
"Minus1_Control","SLC7A9",TRUE
"Minus1_Control","SMARCC1",TRUE
"Minus1_Control","SON",TRUE
"Minus1_Control","SOS1",TRUE
"Minus1_Control","SPEN",TRUE
"Minus1_Control","SRRM2",TRUE
"Minus1_Control","STAT5B",TRUE
"Minus1_Control","STX1B",TRUE
"Minus1_Control","SUZ12",TRUE
"Minus1_Control","SYNE2",TRUE
"Minus1_Control","SYT2",TRUE
"Minus1_Control","TBK1",TRUE
"Minus1_Control","TCF3",TRUE
"Minus1_Control","TCF7L2",TRUE
"Minus1_Control","TFAP2B",TRUE
"Minus1_Control","TGFB1",TRUE
"Minus1_Control","TGM6",TRUE
"Minus1_Control","TINF2",TRUE
"Minus1_Control","TMEM43",TRUE
"Minus1_Control","TNNI3",TRUE
"Minus1_Control","TNPO3",TRUE
"Minus1_Control","TRIM71",FALSE
"Minus1_Control","TRIO",TRUE
"Minus1_Control","TRPV4",TRUE
"Minus1_Control","TTC21B",TRUE
"Minus1_Control","TUBA3D",TRUE
"Minus1_Control","UBAP1",TRUE
"Minus1_Control","VANGL1",FALSE
"Minus1_Control","VEGFC",TRUE
"Minus1_Control","VPS16",TRUE
"Minus1_Control","WBP11",TRUE
"Minus1_Control","WDFY3",TRUE
"Minus1_Control","WDR11",TRUE
"Minus1_Control","WNK4",TRUE
"Minus1_Control","WT1",FALSE
"Minus1_Control","ZFHX3",TRUE
"Minus1_Control","ZMYM2",TRUE
"Minus1_Control","ZNF408",TRUE
"Minus1_Control","ZNF462",TRUE
"Minus1_Control","ZP3",TRUE
"Nonsense","ACTL6B",FALSE
"Nonsense","ACTN2",FALSE
"Nonsense","ACVRL1",TRUE
"Nonsense","AIRE",TRUE
"Nonsense","ANK1",TRUE
"Nonsense","ATP1A2",FALSE
"Nonsense","BARD1",TRUE
"Nonsense","BMPR1A",FALSE
"Nonsense","BRIP1",TRUE
"Nonsense","C3",TRUE
"Nonsense","CCND2",TRUE
"Nonsense","CFH",TRUE
"Nonsense","CFTR",TRUE
"Nonsense","CHD5",TRUE
"Nonsense","COL12A1",TRUE
"Nonsense","COL1A2",FALSE
"Nonsense","COL2A1",TRUE
"Nonsense","COL3A1",TRUE
"Nonsense","COL5A1",FALSE
"Nonsense","DAGLA",TRUE
"Nonsense","DNMT3A",FALSE
"Nonsense","DSC2",FALSE
"Nonsense","DSG2",TRUE
"Nonsense","EDAR",TRUE
"Nonsense","ELANE",TRUE
"Nonsense","EVC2",TRUE
"Nonsense","EZH2",TRUE
"Nonsense","F2",TRUE
"Nonsense","FBN1",TRUE
"Nonsense","FH",TRUE
"Nonsense","FLCN",TRUE
"Nonsense","FLNC",TRUE
"Nonsense","GABRG2",TRUE
"Nonsense","GCK",FALSE
"Nonsense","GLMN",TRUE
"Nonsense","HCK",TRUE
"Nonsense","IRF6",TRUE
"Nonsense","KAT6B",TRUE
"Nonsense","KCNQ2",TRUE
"Nonsense","KIDINS220",TRUE
"Nonsense","KRIT1",FALSE
"Nonsense","LRP5",TRUE
"Nonsense","LRSAM1",TRUE
"Nonsense","MFN2",TRUE
"Nonsense","MLH1",TRUE
"Nonsense","MN1",TRUE
"Nonsense","MPZ",TRUE
"Nonsense","MSH2",FALSE
"Nonsense","MTHFR",FALSE
"Nonsense","MVK",TRUE
"Nonsense","MYH7",TRUE
"Nonsense","MYH9",TRUE
"Nonsense","MYO7A",TRUE
"Nonsense","NAGLU",TRUE
"Nonsense","NOTCH2",TRUE
"Nonsense","NOTCH3",TRUE
"Nonsense","NR3C2",TRUE
"Nonsense","ODC1",TRUE
"Nonsense","PKD1",TRUE
"Nonsense","POGZ",TRUE
"Nonsense","POLG",TRUE
"Nonsense","PPM1D",TRUE
"Nonsense","PPOX",FALSE
"Nonsense","PRPF8",TRUE
"Nonsense","RASA1",TRUE
"Nonsense","RDH12",FALSE
"Nonsense","RHO",TRUE
"Nonsense","SCN5A",TRUE
"Nonsense","SCNN1G",TRUE
"Nonsense","SERPINC1",TRUE
"Nonsense","SERPING1",TRUE
"Nonsense","SLC12A6",TRUE
"Nonsense","SLC2A1",TRUE
"Nonsense","SLC3A1",TRUE
"Nonsense","SLC4A1",TRUE
"Nonsense","SLCO2A1",FALSE
"Nonsense","SMARCD1",TRUE
"Nonsense","SPR",FALSE
"Nonsense","STXBP1",FALSE
"Nonsense","TBX5",TRUE
"Nonsense","TCF12",TRUE
"Nonsense","TEK",FALSE
"Nonsense","TGFBR2",TRUE
"Nonsense","TLK2",TRUE
"Nonsense","TP63",TRUE
"Nonsense","VHL",TRUE
"Nonsense","WAC",FALSE
"Nonsense","ZIC1",TRUE
"Nonsense_Control","A2ML1",FALSE
"Nonsense_Control","AAGAB",TRUE
"Nonsense_Control","ABCA1",TRUE
"Nonsense_Control","ABL1",TRUE
"Nonsense_Control","ACO2",FALSE
"Nonsense_Control","ACOX1",TRUE
"Nonsense_Control","ACTA1",TRUE
"Nonsense_Control","ADAM10",TRUE
"Nonsense_Control","ADCY10",TRUE
"Nonsense_Control","AFG3L2",TRUE
"Nonsense_Control","AFP",TRUE
"Nonsense_Control","AKAP9",TRUE
"Nonsense_Control","ALB",FALSE
"Nonsense_Control","ALG5",FALSE
"Nonsense_Control","ANK2",TRUE
"Nonsense_Control","ANO1",TRUE
"Nonsense_Control","ARFGEF1",TRUE
"Nonsense_Control","ASB10",TRUE
"Nonsense_Control","ATL1",TRUE
"Nonsense_Control","ATL3",TRUE
"Nonsense_Control","ATP2A2",FALSE
"Nonsense_Control","ATR",TRUE
"Nonsense_Control","AUTS2",TRUE
"Nonsense_Control","BEST1",TRUE
"Nonsense_Control","BFSP1",TRUE
"Nonsense_Control","BFSP2",TRUE
"Nonsense_Control","BICC1",TRUE
"Nonsense_Control","BICD2",TRUE
"Nonsense_Control","BLVRA",FALSE
"Nonsense_Control","BMPR1B",TRUE
"Nonsense_Control","BMPR2",TRUE
"Nonsense_Control","BRPF1",TRUE
"Nonsense_Control","BUB1B",TRUE
"Nonsense_Control","C5",TRUE
"Nonsense_Control","C9",FALSE
"Nonsense_Control","CACNA1C",TRUE
"Nonsense_Control","CACNA1D",TRUE
"Nonsense_Control","CACNA1E",TRUE
"Nonsense_Control","CACNA1H",TRUE
"Nonsense_Control","CACNA1S",TRUE
"Nonsense_Control","CAMK2B",TRUE
"Nonsense_Control","CAPRIN1",TRUE
"Nonsense_Control","CARD11",TRUE
"Nonsense_Control","CASP10",TRUE
"Nonsense_Control","CBL",TRUE
"Nonsense_Control","CD46",TRUE
"Nonsense_Control","CDC42BPB",TRUE
"Nonsense_Control","CDC73",TRUE
"Nonsense_Control","CDK13",TRUE
"Nonsense_Control","CDK8",TRUE
"Nonsense_Control","CDON",TRUE
"Nonsense_Control","CEACAM16",FALSE
"Nonsense_Control","CEBPE",TRUE
"Nonsense_Control","CEP85L",TRUE
"Nonsense_Control","CETP",TRUE
"Nonsense_Control","CHD3",TRUE
"Nonsense_Control","CHRNA1",TRUE
"Nonsense_Control","CHRNA4",TRUE
"Nonsense_Control","CHRNB1",TRUE
"Nonsense_Control","CLCN2",TRUE
"Nonsense_Control","CLCN7",TRUE
"Nonsense_Control","CNOT1",TRUE
"Nonsense_Control","COCH",FALSE
"Nonsense_Control","COL6A3",TRUE
"Nonsense_Control","COL9A1",TRUE
"Nonsense_Control","COL9A2",TRUE
"Nonsense_Control","CPA6",FALSE
"Nonsense_Control","CPSF1",TRUE
"Nonsense_Control","CREB3L3",TRUE
"Nonsense_Control","CSNK2A1",TRUE
"Nonsense_Control","CSNK2B",FALSE
"Nonsense_Control","CTNNA1",TRUE
"Nonsense_Control","CTNNB1",TRUE
"Nonsense_Control","CUL3",FALSE
"Nonsense_Control","CUX1",TRUE
"Nonsense_Control","CYP19A1",TRUE
"Nonsense_Control","DCC",TRUE
"Nonsense_Control","DEAF1",FALSE
"Nonsense_Control","DHTKD1",TRUE
"Nonsense_Control","DHX30",TRUE
"Nonsense_Control","DICER1",TRUE
"Nonsense_Control","DLL4",FALSE
"Nonsense_Control","DNAJB11",FALSE
"Nonsense_Control","DNASE1",FALSE
"Nonsense_Control","DNM1",TRUE
"Nonsense_Control","DSTYK",TRUE
"Nonsense_Control","DUSP6",TRUE
"Nonsense_Control","DZIP1",TRUE
"Nonsense_Control","EDN1",TRUE
"Nonsense_Control","EDN3",TRUE
"Nonsense_Control","EFTUD2",TRUE
"Nonsense_Control","EGFR",TRUE
"Nonsense_Control","EMILIN1",TRUE
"Nonsense_Control","EPHA2",FALSE
"Nonsense_Control","ERBB3",TRUE
"Nonsense_Control","ESR1",TRUE
"Nonsense_Control","EVC",TRUE
"Nonsense_Control","EXT2",TRUE
"Nonsense_Control","F12",TRUE
"Nonsense_Control","F5",FALSE
"Nonsense_Control","FAR1",FALSE
"Nonsense_Control","FASLG",TRUE
"Nonsense_Control","FGF23",TRUE
"Nonsense_Control","FGF8",TRUE
"Nonsense_Control","FGFR2",TRUE
"Nonsense_Control","FIG4",TRUE
"Nonsense_Control","FLNB",TRUE
"Nonsense_Control","GABRA1",TRUE
"Nonsense_Control","GABRB3",TRUE
"Nonsense_Control","GANAB",TRUE
"Nonsense_Control","GATA6",TRUE
"Nonsense_Control","GATAD2B",TRUE
"Nonsense_Control","GBF1",TRUE
"Nonsense_Control","GDF6",TRUE
"Nonsense_Control","GH1",TRUE
"Nonsense_Control","GHR",TRUE
"Nonsense_Control","GHSR",TRUE
"Nonsense_Control","GMNN",TRUE
"Nonsense_Control","GNAL",FALSE
"Nonsense_Control","GNB1",FALSE
"Nonsense_Control","GRHL3",TRUE
"Nonsense_Control","GRIA1",TRUE
"Nonsense_Control","GRIA2",TRUE
"Nonsense_Control","GRIN1",TRUE
"Nonsense_Control","GRN",TRUE
"Nonsense_Control","GUCY2C",TRUE
"Nonsense_Control","HCN1",TRUE
"Nonsense_Control","HEPACAM",TRUE
"Nonsense_Control","HESX1",TRUE
"Nonsense_Control","HMGA2",TRUE
"Nonsense_Control","HNRNPH1",TRUE
"Nonsense_Control","HNRNPK",TRUE
"Nonsense_Control","HSF4",TRUE
"Nonsense_Control","HSPA9",TRUE
"Nonsense_Control","HTRA1",TRUE
"Nonsense_Control","HTT",TRUE
"Nonsense_Control","IFITM5",TRUE
"Nonsense_Control","IFNGR1",TRUE
"Nonsense_Control","IKBKB",TRUE
"Nonsense_Control","IKZF1",TRUE
"Nonsense_Control","IL17RD",TRUE
"Nonsense_Control","IMPG1",TRUE
"Nonsense_Control","IMPG2",FALSE
"Nonsense_Control","INSR",TRUE
"Nonsense_Control","ITGA2B",TRUE
"Nonsense_Control","ITGB3",TRUE
"Nonsense_Control","JARID2",TRUE
"Nonsense_Control","JPH1",TRUE
"Nonsense_Control","JUP",TRUE
"Nonsense_Control","KCNC3",TRUE
"Nonsense_Control","KCNMA1",TRUE
"Nonsense_Control","KCNQ3",TRUE
"Nonsense_Control","KCNQ4",TRUE
"Nonsense_Control","KCNT2",TRUE
"Nonsense_Control","KDM1A",TRUE
"Nonsense_Control","KIF11",TRUE
"Nonsense_Control","KIF21A",TRUE
"Nonsense_Control","KIF2A",TRUE
"Nonsense_Control","KIF5A",TRUE
"Nonsense_Control","KLHL24",FALSE
"Nonsense_Control","KLHL7",TRUE
"Nonsense_Control","KRT14",TRUE
"Nonsense_Control","KRT6A",TRUE
"Nonsense_Control","KRT81",TRUE
"Nonsense_Control","LDB3",TRUE
"Nonsense_Control","LIPC",TRUE
"Nonsense_Control","LMBR1",TRUE
"Nonsense_Control","LMNA",TRUE
"Nonsense_Control","LPA",TRUE
"Nonsense_Control","LPP",FALSE
"Nonsense_Control","LRP4",TRUE
"Nonsense_Control","LRP6",TRUE
"Nonsense_Control","LRRK2",TRUE
"Nonsense_Control","MAP3K1",TRUE
"Nonsense_Control","MAPRE2",TRUE
"Nonsense_Control","MAST1",TRUE
"Nonsense_Control","MCOLN1",TRUE
"Nonsense_Control","MEIS2",TRUE
"Nonsense_Control","MIB1",FALSE
"Nonsense_Control","MMP13",FALSE
"Nonsense_Control","MPO",FALSE
"Nonsense_Control","MSTO1",TRUE
"Nonsense_Control","MTMR14",TRUE
"Nonsense_Control","MYH11",TRUE
"Nonsense_Control","MYH2",TRUE
"Nonsense_Control","MYOCD",TRUE
"Nonsense_Control","MYPN",TRUE
"Nonsense_Control","NCSTN",TRUE
"Nonsense_Control","NEDD4L",TRUE
"Nonsense_Control","NEFH",TRUE
"Nonsense_Control","NEXN",TRUE
"Nonsense_Control","NF2",TRUE
"Nonsense_Control","NFIB",FALSE
"Nonsense_Control","NFKB1",TRUE
"Nonsense_Control","NLRC4",FALSE
"Nonsense_Control","NLRP12",FALSE
"Nonsense_Control","NODAL",FALSE
"Nonsense_Control","NPR2",TRUE
"Nonsense_Control","NPRL2",FALSE
"Nonsense_Control","NR0B2",FALSE
"Nonsense_Control","NRAS",FALSE
"Nonsense_Control","NSMF",TRUE
"Nonsense_Control","OPLAH",TRUE
"Nonsense_Control","OPTN",TRUE
"Nonsense_Control","PACS1",TRUE
"Nonsense_Control","PARN",TRUE
"Nonsense_Control","PAX2",TRUE
"Nonsense_Control","PAX3",FALSE
"Nonsense_Control","PAX8",TRUE
"Nonsense_Control","PAX9",TRUE
"Nonsense_Control","PBX1",TRUE
"Nonsense_Control","PDE10A",FALSE
"Nonsense_Control","PDE11A",TRUE
"Nonsense_Control","PDE6H",TRUE
"Nonsense_Control","PDE8B",TRUE
"Nonsense_Control","PIEZO1",FALSE
"Nonsense_Control","PIGT",TRUE
"Nonsense_Control","PIK3R2",TRUE
"Nonsense_Control","PIKFYVE",FALSE
"Nonsense_Control","PITPNM3",TRUE
"Nonsense_Control","PLCD1",TRUE
"Nonsense_Control","PLG",TRUE
"Nonsense_Control","PLIN1",TRUE
"Nonsense_Control","PNPT1",TRUE
"Nonsense_Control","POFUT1",TRUE
"Nonsense_Control","POLD1",TRUE
"Nonsense_Control","POLE",TRUE
"Nonsense_Control","POLG2",TRUE
"Nonsense_Control","POLR1A",TRUE
"Nonsense_Control","POLR3B",FALSE
"Nonsense_Control","POLR3F",FALSE
"Nonsense_Control","POLRMT",TRUE
"Nonsense_Control","PPP1R12A",TRUE
"Nonsense_Control","PRDM16",TRUE
"Nonsense_Control","PRDX3",TRUE
"Nonsense_Control","PRKCG",TRUE
"Nonsense_Control","PRLR",TRUE
"Nonsense_Control","PRODH",TRUE
"Nonsense_Control","PROM1",TRUE
"Nonsense_Control","PRPF6",TRUE
"Nonsense_Control","PRPH",TRUE
"Nonsense_Control","PRSS1",FALSE
"Nonsense_Control","PSAP",TRUE
"Nonsense_Control","PSENEN",FALSE
"Nonsense_Control","RAD54L",TRUE
"Nonsense_Control","RBM20",TRUE
"Nonsense_Control","REEP2",TRUE
"Nonsense_Control","RHAG",FALSE
"Nonsense_Control","RHOBTB2",TRUE
"Nonsense_Control","RIT1",TRUE
"Nonsense_Control","RNASEL",TRUE
"Nonsense_Control","RNF170",TRUE
"Nonsense_Control","ROBO4",TRUE
"Nonsense_Control","RP9",TRUE
"Nonsense_Control","RPS24",TRUE
"Nonsense_Control","RTN2",TRUE
"Nonsense_Control","RYR2",FALSE
"Nonsense_Control","SCAF4",TRUE
"Nonsense_Control","SCN1B",TRUE
"Nonsense_Control","SCN3A",TRUE
"Nonsense_Control","SEC61A1",FALSE
"Nonsense_Control","SEMA3A",TRUE
"Nonsense_Control","SERPINA6",FALSE
"Nonsense_Control","SERPIND1",TRUE
"Nonsense_Control","SETX",TRUE
"Nonsense_Control","SF3B2",TRUE
"Nonsense_Control","SLC12A2",FALSE
"Nonsense_Control","SLC16A1",TRUE
"Nonsense_Control","SLC17A8",TRUE
"Nonsense_Control","SLC30A2",TRUE
"Nonsense_Control","SLC39A14",FALSE
"Nonsense_Control","SLC6A5",TRUE
"Nonsense_Control","SMAD2",TRUE
"Nonsense_Control","SMARCA4",TRUE
"Nonsense_Control","SMARCE1",TRUE
"Nonsense_Control","SPEN",TRUE
"Nonsense_Control","SPTAN1",TRUE
"Nonsense_Control","STAT3",TRUE
"Nonsense_Control","STEAP3",TRUE
"Nonsense_Control","SUPT16H",TRUE
"Nonsense_Control","SYNE2",TRUE
"Nonsense_Control","SYT2",TRUE
"Nonsense_Control","TBX3",TRUE
"Nonsense_Control","TCF3",TRUE
"Nonsense_Control","TCF7L2",TRUE
"Nonsense_Control","TERT",TRUE
"Nonsense_Control","TFG",TRUE
"Nonsense_Control","TGFB1",TRUE
"Nonsense_Control","TGFBR1",TRUE
"Nonsense_Control","TGM6",TRUE
"Nonsense_Control","TIMELESS",TRUE
"Nonsense_Control","TINF2",TRUE
"Nonsense_Control","TNFRSF13B",TRUE
"Nonsense_Control","TNNI3K",TRUE
"Nonsense_Control","TNPO3",FALSE
"Nonsense_Control","TRAF3",TRUE
"Nonsense_Control","TRIO",TRUE
"Nonsense_Control","TRPV4",TRUE
"Nonsense_Control","TSC1",TRUE
"Nonsense_Control","TSPAN12",TRUE
"Nonsense_Control","TTC21B",TRUE
"Nonsense_Control","TUBA3D",TRUE
"Nonsense_Control","UBA2",TRUE
"Nonsense_Control","UBAP1",TRUE
"Nonsense_Control","UCP3",FALSE
"Nonsense_Control","VCAN",TRUE
"Nonsense_Control","VCL",TRUE
"Nonsense_Control","VEGFC",FALSE
"Nonsense_Control","VPS16",FALSE
"Nonsense_Control","VWF",TRUE
"Nonsense_Control","WDFY3",TRUE
"Nonsense_Control","WDR11",TRUE
"Nonsense_Control","ZBTB7A",TRUE
"Nonsense_Control","ZFHX3",TRUE
"Nonsense_Control","ZMYM2",TRUE
"Nonsense_Control","ZNF462",TRUE
"Plus1","ARID1A",TRUE
"Plus1","CHRND",TRUE
"Plus1","COL3A1",TRUE
"Plus1","COL5A1",FALSE
"Plus1","COL6A2",TRUE
"Plus1","DDR2",TRUE
"Plus1","FUS",TRUE
"Plus1","GATA2",TRUE
"Plus1","GATM",TRUE
"Plus1","GNAS",TRUE
"Plus1","KAT6B",TRUE
"Plus1","KCNH2",TRUE
"Plus1","KRT10",TRUE
"Plus1","MAT1A",TRUE
"Plus1","MED13L",TRUE
"Plus1","MLH1",TRUE
"Plus1","MPL",TRUE
"Plus1","MSH6",FALSE
"Plus1","NAF1",TRUE
"Plus1","PIK3R1",TRUE
"Plus1","PKD1",TRUE
"Plus1","PPM1D",TRUE
"Plus1","PPOX",TRUE
"Plus1","PPP3CA",TRUE
"Plus1","PRPH2",TRUE
"Plus1","RDH12",TRUE
"Plus1","SCNN1B",TRUE
"Plus1","SLC3A1",TRUE
"Plus1","SOD1",TRUE
"Plus1","STUB1",TRUE
"Plus1","TGFBR2",TRUE
"Plus1","TNFRSF11A",TRUE
"Plus1","TP63",TRUE
"Plus1","VHL",TRUE
"Plus1","WAC",FALSE
"Plus1","WFS1",TRUE
"Plus1","ZIC1",TRUE
"Plus1_Control","A2ML1",FALSE
"Plus1_Control","AAGAB",TRUE
"Plus1_Control","ABCA1",TRUE
"Plus1_Control","ABCB6",TRUE
"Plus1_Control","ABCG2",FALSE
"Plus1_Control","ACD",TRUE
"Plus1_Control","ACTA2",TRUE
"Plus1_Control","ACTC1",TRUE
"Plus1_Control","ADAM10",TRUE
"Plus1_Control","ADCY10",TRUE
"Plus1_Control","AFG3L2",TRUE
"Plus1_Control","ALDH18A1",TRUE
"Plus1_Control","ALG5",FALSE
"Plus1_Control","ALG8",TRUE
"Plus1_Control","ANK2",TRUE
"Plus1_Control","ANKH",TRUE
"Plus1_Control","ANTXR1",TRUE
"Plus1_Control","AP4E1",FALSE
"Plus1_Control","ARFGEF1",TRUE
"Plus1_Control","ATL1",TRUE
"Plus1_Control","ATR",FALSE
"Plus1_Control","BEST1",TRUE
"Plus1_Control","BICC1",TRUE
"Plus1_Control","BMPR2",TRUE
"Plus1_Control","BNC1",TRUE
"Plus1_Control","BUB1B",TRUE
"Plus1_Control","C9",FALSE
"Plus1_Control","CACNA1A",TRUE
"Plus1_Control","CACNA1C",TRUE
"Plus1_Control","CACNB4",FALSE
"Plus1_Control","CAMK2B",TRUE
"Plus1_Control","CARD11",TRUE
"Plus1_Control","CASQ1",TRUE
"Plus1_Control","CCM2",TRUE
"Plus1_Control","CD46",TRUE
"Plus1_Control","CDC42BPB",TRUE
"Plus1_Control","CDH11",TRUE
"Plus1_Control","CDK13",TRUE
"Plus1_Control","CDK4",TRUE
"Plus1_Control","CEACAM16",TRUE
"Plus1_Control","CEBPE",TRUE
"Plus1_Control","CETP",TRUE
"Plus1_Control","CFB",TRUE
"Plus1_Control","CFHR5",TRUE
"Plus1_Control","CLCN2",TRUE
"Plus1_Control","CNNM2",TRUE
"Plus1_Control","COCH",FALSE
"Plus1_Control","COL6A1",TRUE
"Plus1_Control","COL9A1",TRUE
"Plus1_Control","COL9A2",TRUE
"Plus1_Control","COMP",TRUE
"Plus1_Control","COMT",FALSE
"Plus1_Control","CPA6",FALSE
"Plus1_Control","CREB3L3",TRUE
"Plus1_Control","CRYBA1",TRUE
"Plus1_Control","CRYGB",TRUE
"Plus1_Control","CSF3R",TRUE
"Plus1_Control","CTNND1",TRUE
"Plus1_Control","CUX2",FALSE
"Plus1_Control","DCC",TRUE
"Plus1_Control","DHTKD1",TRUE
"Plus1_Control","DHX37",TRUE
"Plus1_Control","DIABLO",TRUE
"Plus1_Control","DIAPH3",FALSE
"Plus1_Control","DICER1",TRUE
"Plus1_Control","DLL4",FALSE
"Plus1_Control","DNA2",TRUE
"Plus1_Control","DNM1",TRUE
"Plus1_Control","DRD4",FALSE
"Plus1_Control","DSTYK",TRUE
"Plus1_Control","EFHC1",FALSE
"Plus1_Control","EGFR",TRUE
"Plus1_Control","EGLN1",TRUE
"Plus1_Control","EIF4A2",FALSE
"Plus1_Control","EIF5A",FALSE
"Plus1_Control","EMILIN1",TRUE
"Plus1_Control","EPHB4",TRUE
"Plus1_Control","EPO",TRUE
"Plus1_Control","EPOR",TRUE
"Plus1_Control","ERBB3",TRUE
"Plus1_Control","ERBB4",TRUE
"Plus1_Control","EVC",TRUE
"Plus1_Control","EXT2",TRUE
"Plus1_Control","F5",FALSE
"Plus1_Control","FASLG",FALSE
"Plus1_Control","FBN2",FALSE
"Plus1_Control","FIG4",TRUE
"Plus1_Control","FLT4",TRUE
"Plus1_Control","FN1",TRUE
"Plus1_Control","FTH1",FALSE
"Plus1_Control","GATAD2B",TRUE
"Plus1_Control","GDF6",FALSE
"Plus1_Control","GLRA1",TRUE
"Plus1_Control","GLS",TRUE
"Plus1_Control","GMNN",FALSE
"Plus1_Control","GRIA2",TRUE
"Plus1_Control","GRIN1",TRUE
"Plus1_Control","GUCY2C",TRUE
"Plus1_Control","GUCY2D",TRUE
"Plus1_Control","HCN2",FALSE
"Plus1_Control","HCN4",TRUE
"Plus1_Control","HIVEP2",TRUE
"Plus1_Control","HMCN1",FALSE
"Plus1_Control","HNF1B",TRUE
"Plus1_Control","HNF4A",TRUE
"Plus1_Control","HNRNPH1",TRUE
"Plus1_Control","HOMER2",TRUE
"Plus1_Control","HOXA2",TRUE
"Plus1_Control","HRG",TRUE
"Plus1_Control","HSF4",TRUE
"Plus1_Control","HTRA1",TRUE
"Plus1_Control","HTT",TRUE
"Plus1_Control","IKZF1",FALSE
"Plus1_Control","IMPG1",TRUE
"Plus1_Control","IMPG2",FALSE
"Plus1_Control","INSL3",TRUE
"Plus1_Control","IRF2BP2",TRUE
"Plus1_Control","ITGA2B",TRUE
"Plus1_Control","JARID2",TRUE
"Plus1_Control","JPH1",TRUE
"Plus1_Control","KCNC3",FALSE
"Plus1_Control","KCNK18",TRUE
"Plus1_Control","KCNMA1",TRUE
"Plus1_Control","KCNQ3",TRUE
"Plus1_Control","KCNQ5",TRUE
"Plus1_Control","KCNT1",TRUE
"Plus1_Control","KCNT2",TRUE
"Plus1_Control","KLF1",TRUE
"Plus1_Control","KLHL7",TRUE
"Plus1_Control","KRT5",TRUE
"Plus1_Control","KRT83",TRUE
"Plus1_Control","LAMB3",FALSE
"Plus1_Control","LEMD3",TRUE
"Plus1_Control","LHCGR",TRUE
"Plus1_Control","LHX4",TRUE
"Plus1_Control","LRP4",TRUE
"Plus1_Control","MAF",TRUE
"Plus1_Control","MBD4",TRUE
"Plus1_Control","MEF2C",TRUE
"Plus1_Control","MEFV",TRUE
"Plus1_Control","MET",TRUE
"Plus1_Control","MIB1",FALSE
"Plus1_Control","MMP13",FALSE
"Plus1_Control","MPO",FALSE
"Plus1_Control","MSTO1",FALSE
"Plus1_Control","MSX1",TRUE
"Plus1_Control","MVD",FALSE
"Plus1_Control","MYBPC1",FALSE
"Plus1_Control","MYH11",TRUE
"Plus1_Control","MYH2",TRUE
"Plus1_Control","MYL2",TRUE
"Plus1_Control","MYL3",TRUE
"Plus1_Control","MYOCD",TRUE
"Plus1_Control","MYRF",TRUE
"Plus1_Control","NAA15",TRUE
"Plus1_Control","NALCN",TRUE
"Plus1_Control","NCDN",FALSE
"Plus1_Control","NCSTN",TRUE
"Plus1_Control","NEXN",TRUE
"Plus1_Control","NF1",TRUE
"Plus1_Control","NF2",TRUE
"Plus1_Control","NFKB1",TRUE
"Plus1_Control","NLRC4",FALSE
"Plus1_Control","NLRP12",FALSE
"Plus1_Control","NPRL2",TRUE
"Plus1_Control","NR0B2",TRUE
"Plus1_Control","OPLAH",TRUE
"Plus1_Control","OPTN",TRUE
"Plus1_Control","OSBPL2",TRUE
"Plus1_Control","PARN",TRUE
"Plus1_Control","PAX2",TRUE
"Plus1_Control","PAX9",TRUE
"Plus1_Control","PDE11A",TRUE
"Plus1_Control","PDE8B",TRUE
"Plus1_Control","PDYN",FALSE
"Plus1_Control","PER2",TRUE
"Plus1_Control","PERP",FALSE
"Plus1_Control","PIGT",TRUE
"Plus1_Control","PITX3",FALSE
"Plus1_Control","PLA2G2A",FALSE
"Plus1_Control","PLCD1",TRUE
"Plus1_Control","PNPT1",TRUE
"Plus1_Control","POFUT1",TRUE
"Plus1_Control","POGLUT1",FALSE
"Plus1_Control","POLD1",TRUE
"Plus1_Control","POLE",FALSE
"Plus1_Control","POLG2",TRUE
"Plus1_Control","POLR1A",TRUE
"Plus1_Control","POLR3B",FALSE
"Plus1_Control","POU4F1",TRUE
"Plus1_Control","PPP1R12A",TRUE
"Plus1_Control","PROC",TRUE
"Plus1_Control","PROK2",TRUE
"Plus1_Control","PRPF3",TRUE
"Plus1_Control","PRPF31",TRUE
"Plus1_Control","PRRX1",TRUE
"Plus1_Control","PUM1",TRUE
"Plus1_Control","RAD54L",TRUE
"Plus1_Control","RANBP2",TRUE
"Plus1_Control","RBM20",TRUE
"Plus1_Control","RDH5",TRUE
"Plus1_Control","REN",TRUE
"Plus1_Control","RERE",TRUE
"Plus1_Control","RHAG",FALSE
"Plus1_Control","RLBP1",TRUE
"Plus1_Control","RNF170",TRUE
"Plus1_Control","RP9",FALSE
"Plus1_Control","RTN2",TRUE
"Plus1_Control","RYR2",FALSE
"Plus1_Control","SASH1",TRUE
"Plus1_Control","SCAF4",TRUE
"Plus1_Control","SCN1B",TRUE
"Plus1_Control","SCN3A",TRUE
"Plus1_Control","SEC63",TRUE
"Plus1_Control","SEMA3A",TRUE
"Plus1_Control","SETX",TRUE
"Plus1_Control","SF3B2",TRUE
"Plus1_Control","SH3TC2",TRUE
"Plus1_Control","SIK1",TRUE
"Plus1_Control","SIN3A",TRUE
"Plus1_Control","SKI",FALSE
"Plus1_Control","SLC16A1",TRUE
"Plus1_Control","SLC17A8",TRUE
"Plus1_Control","SLC25A11",FALSE
"Plus1_Control","SLC25A4",FALSE
"Plus1_Control","SLC26A8",TRUE
"Plus1_Control","SLC2A2",TRUE
"Plus1_Control","SLC2A9",TRUE
"Plus1_Control","SLC34A1",TRUE
"Plus1_Control","SLC39A5",FALSE
"Plus1_Control","SLC40A1",TRUE
"Plus1_Control","SLC6A5",FALSE
"Plus1_Control","SLC7A9",TRUE
"Plus1_Control","SMAD6",TRUE
"Plus1_Control","SMARCC1",TRUE
"Plus1_Control","SNRNP200",TRUE
"Plus1_Control","SOS1",TRUE
"Plus1_Control","SOST",TRUE
"Plus1_Control","SPOP",TRUE
"Plus1_Control","SPTSSA",FALSE
"Plus1_Control","SRRM2",TRUE
"Plus1_Control","STAT3",TRUE
"Plus1_Control","SUZ12",TRUE
"Plus1_Control","SYCP2",TRUE
"Plus1_Control","SYNE2",FALSE
"Plus1_Control","SYT2",TRUE
"Plus1_Control","TBX6",FALSE
"Plus1_Control","TCF7L2",TRUE
"Plus1_Control","TGM6",TRUE
"Plus1_Control","TIMP3",TRUE
"Plus1_Control","TINF2",TRUE
"Plus1_Control","TNPO3",TRUE
"Plus1_Control","TRIM71",FALSE
"Plus1_Control","TRIO",TRUE
"Plus1_Control","TRPC6",TRUE
"Plus1_Control","TRPM4",TRUE
"Plus1_Control","TRPV4",TRUE
"Plus1_Control","TTC21B",TRUE
"Plus1_Control","TUBA3D",TRUE
"Plus1_Control","UBAP1",TRUE
"Plus1_Control","UCHL1",FALSE
"Plus1_Control","VANGL1",FALSE
"Plus1_Control","VCL",TRUE
"Plus1_Control","VEGFC",FALSE
"Plus1_Control","VPS16",TRUE
"Plus1_Control","WBP11",TRUE
"Plus1_Control","WDR11",TRUE
"Plus1_Control","WT1",FALSE
"Plus1_Control","YAP1",FALSE
"Plus1_Control","ZFHX3",TRUE
"Plus1_Control","ZMYM2",TRUE
"Plus1_Control","ZNF408",TRUE
"Plus1_Control","ZNF462",TRUE
"Plus1_Control","ZP3",TRUE
